date,competition_key,home,away,home_goals,away_goals
2026-07-23,soccer_brazil_campeonato,Botafogo,Vitoria,0,0
2026-07-23,soccer_brazil_campeonato,Corinthians,Remo,3,0
2026-07-25,soccer_brazil_campeonato,Atletico Paranaense,Internacional,2,0
2026-07-25,soccer_brazil_campeonato,Santos,Chapecoense,2,2
2026-07-25,soccer_brazil_campeonato,Vasco da Gama,Mirassol,1,1
2026-07-25,soccer_usa_mls,New York Red Bulls,Charlotte FC,0,2
2026-07-25,soccer_usa_mls,Columbus Crew SC,FC Cincinnati,2,1
2026-07-25,soccer_usa_mls,CF Montreal,Inter Miami CF,0,1
2026-07-25,soccer_usa_mls,New York City FC,Chicago Fire,3,1
2026-07-25,soccer_usa_mls,New England Revolution,Atlanta United FC,4,1
2026-07-25,soccer_usa_mls,D.C. United,Toronto FC,2,1
2026-07-25,soccer_usa_mls,Philadelphia Union,Seattle Sounders FC,1,0
2026-07-26,soccer_usa_mls,Houston Dynamo,Austin FC,3,0
2026-07-26,soccer_usa_mls,St. Louis City SC,Colorado Rapids,1,0
2026-07-26,soccer_usa_mls,Minnesota United FC,Vancouver Whitecaps FC,0,0
2026-07-26,soccer_usa_mls,Orlando City SC,Nashville SC,1,0
2026-07-26,soccer_usa_mls,San Diego FC,FC Dallas,1,0
2026-07-26,soccer_usa_mls,San Jose Earthquakes,LA Galaxy,1,1
2026-07-26,soccer_usa_mls,Los Angeles FC,Sporting Kansas City,4,0
2026-07-26,soccer_usa_mls,Portland Timbers,Real Salt Lake,2,1
2026-07-26,soccer_brazil_campeonato,Bahia,Corinthians,1,1
2026-07-26,soccer_brazil_campeonato,Cruzeiro,Botafogo,0,1
2026-07-26,soccer_brazil_campeonato,Bragantino-SP,Coritiba,0,0
2026-07-26,soccer_brazil_campeonato,Flamengo,Sao Paulo,1,1
2026-07-26,soccer_brazil_campeonato,Grêmio,Fluminense,1,1
2026-07-26,soccer_brazil_campeonato,Palmeiras,Atletico Mineiro,1,2
2026-07-26,soccer_brazil_campeonato,Remo,Vitoria,2,0
2026-07-29,soccer_brazil_campeonato,Internacional,Flamengo,1,1
2026-07-29,soccer_brazil_campeonato,Mirassol,Remo,2,1
2026-07-30,soccer_brazil_campeonato,Vitoria,Palmeiras,0,4
2026-07-30,soccer_brazil_campeonato,Fluminense,Bahia,0,0
2026-07-30,soccer_brazil_campeonato,Corinthians,Atletico Paranaense,0,0
2026-07-31,soccer_brazil_campeonato,Coritiba,Cruzeiro,0,1
2026-07-31,soccer_usa_mls,New York City FC,Toronto FC,1,1
2026-08-01,soccer_usa_mls,CF Montreal,New England Revolution,2,2
2026-08-01,soccer_usa_mls,Vancouver Whitecaps FC,Los Angeles FC,1,1
2026-08-01,soccer_usa_mls,Philadelphia Union,Atlanta United FC,3,2
2026-08-01,soccer_usa_mls,D.C. United,Nashville SC,2,2
2026-08-01,soccer_usa_mls,New York Red Bulls,Orlando City SC,3,2
2026-08-01,soccer_mexico_ligamx,Puebla,Guadalajara,1,1
2026-08-01,soccer_mexico_ligamx,Atlético San Luis,Tijuana,0,0
2026-08-01,soccer_mexico_ligamx,FC Juárez,Pumas,1,5
2026-08-01,soccer_mexico_ligamx,Querétaro,Tigres,3,2
2026-08-02,soccer_usa_mls,Inter Miami CF,Columbus Crew SC,2,2
2026-08-02,soccer_usa_mls,Minnesota United FC,San Diego FC,1,1
2026-08-02,soccer_usa_mls,St. Louis City SC,Real Salt Lake,1,1
2026-08-02,soccer_usa_mls,Chicago Fire,Charlotte FC,2,1
2026-08-02,soccer_usa_mls,Sporting Kansas City,Houston Dynamo,0,2
2026-08-02,soccer_usa_mls,Colorado Rapids,Austin FC,1,0
2026-08-02,soccer_usa_mls,FC Cincinnati,San Jose Earthquakes,4,2
2026-08-02,soccer_usa_mls,LA Galaxy,FC Dallas,0,0
2026-08-02,soccer_usa_mls,Portland Timbers,Seattle Sounders FC,2,1
2026-08-02,soccer_mexico_ligamx,León,Pachuca,1,0
2026-08-02,soccer_mexico_ligamx,Atlas,Monterrey,0,2
2026-08-02,soccer_mexico_ligamx,Cruz Azul,Atlante FC,2,3
2026-08-02,soccer_mexico_ligamx,América,Santos Laguna,3,0
2026-08-03,soccer_mexico_ligamx,Toluca,Necaxa,3,1
2026-08-04,soccer_uefa_champs_league_qualification,FC Ararat-Armenia,NK Celje,2,1
2026-08-04,soccer_uefa_champs_league_qualification,Mjällby AIF,ŠK Slovan Bratislava,1,2
2026-08-04,soccer_uefa_champs_league_qualification,PFC Levski Sofia,FC Kairat,1,0
2026-08-04,soccer_uefa_champs_league_qualification,Hapoel Be'er Sheva,Red Star Belgrade,1,0
2026-08-04,soccer_uefa_champs_league_qualification,Union Saint-Gilloise,Bodø/Glimt,3,3
2026-08-04,soccer_uefa_champs_league_qualification,Dinamo Zagreb,FK Kauno Žalgiris,5,0
2026-08-04,soccer_uefa_champs_league_qualification,Sparta Prague,Lyon,2,1
2026-08-04,soccer_uefa_champs_league_qualification,Olympiakos Piraeus,NEC Nijmegen,0,0
2026-08-05,soccer_argentina_primera_division,Boca Juniors,Estudiantes,1,0
2026-08-06,soccer_argentina_primera_division,CA Tigre BA,Belgrano de Cordoba,0,0
2026-08-06,soccer_argentina_primera_division,Union Santa Fe,Lanus,2,1
2026-08-07,soccer_norway_eliteserien,Sandefjord,KFUM,0,1
2026-08-07,soccer_portugal_primeira_liga,Estoril,Famalicão,1,1
2026-08-07,soccer_argentina_primera_division,Rosario Central,Aldosivi Mar del Plata,2,1
2026-08-07,soccer_austria_bundesliga,Rheindorf Altach,WSG Tirol,3,1
2026-08-07,soccer_belgium_first_div,Club Brugge,KV Kortrijk,3,0
2026-08-07,soccer_denmark_superliga,SonderjyskE,Viborg FF,0,0
2026-08-07,soccer_germany_bundesliga2,VfL Bochum,Hertha Berlin,0,1
2026-08-07,soccer_japan_j_league,Yokohama F Marinos,Kashima Antlers,3,4
2026-08-07,soccer_japan_j_league,Gamba Osaka,Urawa Red Diamonds,4,3
2026-08-07,soccer_netherlands_eredivisie,SC Cambuur,Excelsior,0,4
2026-08-07,soccer_poland_ekstraklasa,Wisła Kraków,Wisła Płock,2,1
2026-08-08,soccer_argentina_primera_division,Independiente Rivadavia,Estudiantes de Río Cuarto,2,1
2026-08-08,soccer_germany_bundesliga2,1. FC Heidenheim,VfL Osnabrück,4,3
2026-08-08,soccer_germany_bundesliga2,1. FC Magdeburg,Eintracht Braunschweig,1,6
2026-08-08,soccer_germany_bundesliga2,Karlsruher SC,Arminia Bielefeld,2,1
2026-08-08,soccer_germany_bundesliga2,SV Darmstadt 98,Holstein Kiel,2,2
2026-08-08,soccer_japan_j_league,Avispa Fukuoka,Vissel Kobe,0,1
2026-08-08,soccer_japan_j_league,Cerezo Osaka,Fagiano Okayama,2,1
2026-08-08,soccer_japan_j_league,FC Tokyo,FC Machida Zelvia,1,5
2026-08-08,soccer_japan_j_league,Kashiwa Reysol,Mito HollyHock,2,1
2026-08-08,soccer_japan_j_league,Nagoya Grampus,Shimizu S Pulse,0,1
2026-08-08,soccer_korea_kleague1,Bucheon FC 1995,Gwangju FC,0,0
2026-08-08,soccer_korea_kleague1,FC Anyang,Daejeon Citizen,1,2
2026-08-08,soccer_korea_kleague1,Sangju Sangmu FC,FC Seoul,0,0
2026-08-08,soccer_korea_kleague1,Jeonbuk Hyundai Motors,Jeju United FC,1,3
2026-08-08,soccer_korea_kleague1,Pohang Steelers,Ulsan Hyundai FC,0,2
2026-08-08,soccer_netherlands_eredivisie,NEC Nijmegen,SC Telstar,1,2
2026-08-08,soccer_norway_eliteserien,Vålerenga,Bodø/Glimt,1,2
2026-08-08,soccer_norway_eliteserien,Viking FK,Sarpsborg FK,2,1
2026-08-08,soccer_poland_ekstraklasa,Radomiak Radom,Górnik Zabrze,1,3
2026-08-08,soccer_portugal_primeira_liga,CS Maritimo,Casa Pia,1,0
2026-08-08,soccer_spl,Dundee FC,Aberdeen,2,0
2026-08-08,soccer_spl,St Mirren,St Johnstone,1,0
2026-08-08,soccer_sweden_allsvenskan,Örgryte IS,AIK,3,4
2026-08-08,soccer_austria_bundesliga,Grazer AK,Austria Lustenau,2,1
2026-08-08,soccer_belgium_first_div,Standard Liege,Cercle Brugge KSV,2,2
2026-08-08,soccer_norway_eliteserien,IK Start,Fredrikstad FK,0,1
2026-08-08,soccer_poland_ekstraklasa,Pogoń Szczecin,Motor Lublin,3,1
2026-08-08,soccer_sweden_allsvenskan,Mjällby AIF,IF Elfsborg,0,1
2026-08-08,soccer_argentina_primera_division,Deportivo Riestra,Estudiantes,2,0
2026-08-08,soccer_argentina_primera_division,Atlético Tucuman,Sarmiento de Junin,1,2
2026-08-08,soccer_argentina_primera_division,CA Tigre BA,River Plate,1,0
2026-08-08,soccer_argentina_primera_division,Boca Juniors,Velez Sarsfield BA,1,1
2026-08-08,soccer_austria_bundesliga,Hartberg,Sturm Graz,0,2
2026-08-08,soccer_belgium_first_div,Sint Truiden,Lommel SK,1,1
2026-08-08,soccer_belgium_first_div,Westerlo,Union Saint-Gilloise,1,5
2026-08-08,soccer_brazil_campeonato,Grêmio,Sao Paulo,2,1
2026-08-08,soccer_brazil_campeonato,Remo,Atletico Mineiro,2,2
2026-08-08,soccer_brazil_campeonato,Coritiba,Chapecoense,2,1
2026-08-08,soccer_germany_bundesliga2,VfL Wolfsburg,1. FC Kaiserslautern,0,0
2026-08-08,soccer_japan_j_league,Hiroshima Sanfrecce FC,JEF United Chiba,3,0
2026-08-08,soccer_netherlands_eredivisie,Go Ahead Eagles,Willem II,4,1
2026-08-08,soccer_netherlands_eredivisie,PSV Eindhoven,Fortuna Sittard,2,2
2026-08-08,soccer_netherlands_eredivisie,AZ Alkmaar,ADO Den Haag,2,0
2026-08-08,soccer_poland_ekstraklasa,Korona Kielce,Legia Warszawa,1,1
2026-08-08,soccer_portugal_primeira_liga,Vitória SC,Arouca,0,1
2026-08-08,soccer_portugal_primeira_liga,CF Estrela,Sporting Lisbon,2,2
2026-08-08,soccer_usa_mls,New England Revolution,Houston Dynamo,0,2
2026-08-09,soccer_argentina_primera_division,Instituto de Córdoba,Gimnasia Mendoza,1,0
2026-08-09,soccer_argentina_primera_division,Independiente,Platense,0,1
2026-08-09,soccer_brazil_campeonato,Botafogo,Fluminense,1,1
2026-08-09,soccer_austria_bundesliga,Wolfsberger AC,RB Salzburg,1,1
2026-08-09,soccer_austria_bundesliga,Ried,Rapid Wien,1,2
2026-08-09,soccer_belgium_first_div,Gent,KV Mechelen,2,0
2026-08-09,soccer_belgium_first_div,Charleroi,Leuven,3,1
2026-08-09,soccer_belgium_first_div,SV Zulte-Waregem,Genk,2,1
2026-08-09,soccer_brazil_campeonato,Cruzeiro,Mirassol,3,1
2026-08-09,soccer_denmark_superliga,Randers FC,Lyngby,2,0
2026-08-09,soccer_germany_bundesliga2,1. FC Nürnberg,Dynamo Dresden,3,0
2026-08-09,soccer_germany_bundesliga2,FC Energie Cottbus,Hannover 96,3,1
2026-08-09,soccer_germany_bundesliga2,FC St. Pauli,Greuther Fürth,1,1
2026-08-09,soccer_japan_j_league,Tokyo Verdy,Kawasaki Frontale,1,1
2026-08-09,soccer_japan_j_league,V-Varen Nagasaki,Kyoto Purple Sanga,2,1
2026-08-09,soccer_netherlands_eredivisie,Sparta Rotterdam,Feyenoord,0,1
2026-08-09,soccer_netherlands_eredivisie,FC Zwolle,Ajax,0,2
2026-08-09,soccer_netherlands_eredivisie,Groningen,FC Utrecht,2,1
2026-08-09,soccer_netherlands_eredivisie,Heerenveen,FC Twente Enschede,1,0
2026-08-09,soccer_norway_eliteserien,Lillestrom,Rosenborg,0,2
2026-08-09,soccer_norway_eliteserien,HamKam,Aalesund,1,1
2026-08-09,soccer_poland_ekstraklasa,Śląsk Wrocław,Cracovia Kraków,0,0
2026-08-09,soccer_spl,Kilmarnock,Celtic,1,5
2026-08-09,soccer_spl,Hearts,Dundee United,4,0
2026-08-09,soccer_spl,Motherwell,Falkirk F.C.,0,0
2026-08-09,soccer_spl,Rangers,Hibernian,1,2
2026-08-09,soccer_sweden_allsvenskan,Hammarby IF,BK Hacken,3,0
2026-08-09,soccer_sweden_allsvenskan,Malmo FF,Degerfors IF,1,2
2026-08-09,soccer_sweden_allsvenskan,Halmstads BK,GAIS,0,2
2026-08-09,soccer_sweden_allsvenskan,IFK Goteborg,Kalmar FF,3,2
2026-08-09,soccer_argentina_primera_division,San Lorenzo,Atlético Huracán,0,2
2026-08-09,soccer_argentina_primera_division,Gimnasia La Plata,Barracas Central,2,0
2026-08-09,soccer_argentina_primera_division,Defensa y Justicia,Newells Old Boys,2,1
2026-08-09,soccer_argentina_primera_division,Argentinos Juniors,Racing Club,2,1
2026-08-09,soccer_austria_bundesliga,Austria Wien,LASK,0,2
2026-08-09,soccer_belgium_first_div,Anderlecht,RAAL La Louvière,2,1
2026-08-09,soccer_belgium_first_div,Royal Antwerp,SK Beveren,2,1
2026-08-09,soccer_brazil_campeonato,Bahia,Vasco da Gama,0,0
2026-08-09,soccer_brazil_campeonato,Palmeiras,Internacional,0,0
2026-08-09,soccer_brazil_campeonato,Santos,Atletico Paranaense,0,2
2026-08-09,soccer_brazil_campeonato,Bragantino-SP,Corinthians,0,2
2026-08-09,soccer_brazil_campeonato,Flamengo,Vitoria,2,0
2026-08-09,soccer_denmark_superliga,AC Horsens,Brondby IF,0,2
2026-08-09,soccer_norway_eliteserien,Kristiansund BK,Molde,2,1
2026-08-09,soccer_poland_ekstraklasa,Lech Poznań,Piast Gliwice,3,0
2026-08-09,soccer_poland_ekstraklasa,Jagiellonia Białystok,Widzew Łódź,0,2
2026-08-09,soccer_portugal_primeira_liga,FC Porto,Alverca,2,0
2026-08-09,soccer_portugal_primeira_liga,Benfica,Académico de Viseu,2,2
2026-08-09,soccer_portugal_primeira_liga,Moreirense FC,Braga,2,2
2026-08-09,soccer_portugal_primeira_liga,Gil Vicente,Rio Ave FC,1,0
2026-08-10,soccer_argentina_primera_division,Banfield,Belgrano de Cordoba,0,2
2026-08-10,soccer_denmark_superliga,Silkeborg IF,OB Odense BK,1,0
2026-08-10,soccer_portugal_primeira_liga,Santa Clara,Nacional,2,2
2026-08-10,soccer_sweden_allsvenskan,Västerås SK,Djurgardens IF,1,0
2026-08-10,soccer_sweden_allsvenskan,IK Sirius,IF Brommapojkarna,2,2
2026-08-11,soccer_argentina_primera_division,Union Santa Fe,Central Córdoba,1,2
2026-08-12,soccer_argentina_primera_division,Talleres,Lanus,0,3
