kickoff_utc,league,home,away,market,odds,model_confidence_pct,edge_pct,status,profit_units,final_score,closing_odds,clv_pct
2026-07-23T22:30:00Z,Brasileirão,Botafogo,Vitoria,Vitoria to win,5.2,20,2.97,lost,-1.0,0-0,5.2,0.0
2026-07-23T22:30:00Z,Brasileirão,Corinthians,Remo,Remo to win,8.0,14,12.04,lost,-1.0,3-0,8.0,0.0
2026-07-23T22:30:00Z,Brasileirão,Corinthians,Remo,Under 2.5 goals,1.93,52,-0.36,lost,-1.0,3-0,1.93,0.0
2026-07-23T22:30:00Z,Brasileirão,Corinthians,Remo,Under 4.5 goals,1.5,65,-2.33,won,0.5,3-0,,
2026-07-23T22:30:00Z,Brasileirão,Botafogo,Vitoria,Over 1.0 goals,1.71,55,-6.56,lost,-1.0,0-0,,
2026-07-23T22:30:00Z,Brasileirão,Botafogo,Vitoria,Draw (X),1.93,57,9.55,won,0.93,0-0,,
2026-07-23T22:30:00Z,Brasileirão,Corinthians,Remo,Under 3.5 goals,1.78,56,-0.43,won,0.78,3-0,,
2026-07-25T21:30:00Z,Brasileirão,Atletico Paranaense,Internacional,Under 2.5 goals,1.67,59,-1.86,won,0.67,2-0,1.69,-1.18
2026-07-25T21:30:00Z,Brasileirão,Santos,Chapecoense,Chapecoense to win,9.2,13,18.92,lost,-1.0,2-2,9.2,0.0
2026-07-25T21:30:00Z,Brasileirão,Santos,Chapecoense,Over 2.5 goals,1.73,56,-2.39,won,0.73,2-2,1.75,-1.14
2026-07-25T21:30:00Z,Brasileirão,Santos,Chapecoense,Under 2.5 goals,2.22,44,-2.77,lost,-1.0,2-2,2.22,0.0
2026-07-25T21:30:00Z,Brasileirão,Atletico Paranaense,Internacional,Internacional to win,4.5,24,7.24,lost,-1.0,2-0,4.5,0.0
2026-07-25T22:30:00Z,MLS,New York Red Bulls,Charlotte FC,Over 3.0 goals,1.85,52,-3.67,lost,-1.0,0-2,1.78,3.93
2026-07-25T23:15:00Z,MLS,Columbus Crew SC,FC Cincinnati,Over 2.5 goals,1.39,68,-5.52,won,0.39,2-1,1.39,0.0
2026-07-25T23:30:00Z,MLS,New York City FC,Chicago Fire,Over 2.5 goals,1.69,57,-2.94,won,0.69,3-1,1.7,-0.59
2026-07-25T23:30:00Z,MLS,Philadelphia Union,Seattle Sounders FC,Over 2.5 goals,1.71,57,-1.92,lost,-1.0,1-0,1.67,2.4
2026-07-25T23:30:00Z,MLS,New England Revolution,Atlanta United FC,Over 2.5 goals,1.79,54,-3.16,won,0.79,4-1,1.81,-1.1
2026-07-25T23:30:00Z,MLS,D.C. United,Toronto FC,Over 2.5 goals,1.93,51,-1.78,won,0.93,2-1,1.92,0.52
2026-07-25T23:30:00Z,Brasileirão,Vasco da Gama,Mirassol,Over 2.5 goals,2.08,47,-2.93,lost,-1.0,1-1,2.14,-2.8
2026-07-25T23:30:00Z,MLS,Orlando City SC,Nashville SC,Under 2.5 goals,2.36,41,-2.89,won,1.36,1-0,2.38,-0.84
2026-07-25T23:30:00Z,MLS,CF Montreal,Inter Miami CF,Draw (X),4.3,24,3.05,lost,-1.0,0-1,4.3,0.0
2026-07-25T23:30:00Z,Brasileirão,Vasco da Gama,Mirassol,Under 2.5 goals,1.78,54,-4.08,won,0.78,1-1,1.78,0.0
2026-07-25T23:30:00Z,MLS,CF Montreal,Inter Miami CF,Over 2.5 goals,1.41,67,-5.34,lost,-1.0,0-1,1.39,1.44
2026-07-25T23:30:00Z,MLS,Orlando City SC,Nashville SC,Over 2.5 goals,1.61,61,-2.38,lost,-1.0,1-0,1.61,0.0
2026-07-25T23:30:00Z,MLS,New England Revolution,Atlanta United FC,Atlanta United FC to win,3.85,27,3.86,lost,-1.0,4-1,3.85,0.0
2026-07-26T00:30:00Z,MLS,St. Louis City SC,Colorado Rapids,Over 2.5 goals,1.61,60,-2.84,lost,-1.0,1-0,1.64,-1.83
2026-07-26T00:30:00Z,MLS,Minnesota United FC,Vancouver Whitecaps FC,Over 3.0 goals,2.01,48,-2.86,lost,-1.0,0-0,1.99,1.01
2026-07-26T00:30:00Z,MLS,Houston Dynamo,Austin FC,Austin FC to win,5.0,21,4.75,lost,-1.0,3-0,5.1,-1.96
2026-07-26T00:30:00Z,MLS,Houston Dynamo,Austin FC,Over 2.5 goals,1.75,56,-1.95,won,0.75,3-0,1.76,-0.57
2026-07-26T00:30:00Z,MLS,St. Louis City SC,Colorado Rapids,Under 2.5 goals,2.46,40,-2.69,won,1.46,1-0,2.46,0.0
2026-07-26T01:30:00Z,MLS,San Diego FC,FC Dallas,Under 3.5 goals,1.81,54,-3.0,won,0.81,1-0,1.82,-0.55
2026-07-26T01:30:00Z,MLS,San Diego FC,FC Dallas,FC Dallas to win,3.4,31,3.96,lost,-1.0,1-0,3.4,0.0
2026-07-26T02:30:00Z,MLS,Portland Timbers,Real Salt Lake,Over 3.0 goals,1.74,55,-3.83,void,0.0,2-1,1.74,0.0
2026-07-26T02:30:00Z,MLS,San Jose Earthquakes,LA Galaxy,Under 3.5 goals,1.8,54,-2.86,won,0.8,1-1,1.81,-0.55
2026-07-26T02:30:00Z,MLS,Los Angeles FC,Sporting Kansas City,Sporting Kansas City to win,12.5,9,13.42,lost,-1.0,4-0,12.5,0.0
2026-07-26T02:30:00Z,MLS,Los Angeles FC,Sporting Kansas City,Under 3.5 goals,2.04,48,-2.71,lost,-1.0,4-0,2.06,-0.97
2026-07-26T02:30:00Z,MLS,San Jose Earthquakes,LA Galaxy,Over 3.5 goals,2.1,46,-3.08,lost,-1.0,1-1,2.1,0.0
2026-07-26T02:30:00Z,MLS,Portland Timbers,Real Salt Lake,Over 3.5 goals,2.17,45,-3.12,lost,-1.0,2-1,2.2,-1.36
2026-07-26T02:30:00Z,MLS,Los Angeles FC,Sporting Kansas City,Over 3.5 goals,1.93,52,-0.36,won,0.93,4-0,1.93,0.0
2026-07-26T19:00:00Z,Brasileirão,Bahia,Corinthians,Under 2.5 goals,1.82,53,-4.04,won,0.82,1-1,1.89,-3.7
2026-07-26T19:00:00Z,Brasileirão,Cruzeiro,Botafogo,Over 2.5 goals,1.98,48,-4.09,lost,-1.0,0-1,1.9,4.21
2026-07-26T19:00:00Z,Brasileirão,Cruzeiro,Botafogo,Under 2.5 goals,1.96,50,-1.5,won,0.96,0-1,1.96,0.0
2026-07-26T19:00:00Z,Brasileirão,Bahia,Corinthians,Over 2.5 goals,2.03,47,-3.76,lost,-1.0,1-1,2.02,0.5
2026-07-26T19:00:00Z,Brasileirão,Cruzeiro,Botafogo,Botafogo to win,4.9,21,3.58,won,3.9,0-1,5.0,-2.0
2026-07-26T21:30:00Z,Brasileirão,Bragantino-SP,Coritiba,Under 2.5 goals,1.88,51,-3.33,won,0.88,0-0,1.89,-0.53
2026-07-26T21:30:00Z,Brasileirão,Grêmio,Fluminense,Under 2.5 goals,1.92,51,-2.04,won,0.92,1-1,1.89,1.59
2026-07-26T21:30:00Z,Brasileirão,Flamengo,Sao Paulo,Sao Paulo to win,7.8,14,9.75,lost,-1.0,1-1,7.8,0.0
2026-07-26T21:30:00Z,Brasileirão,Flamengo,Sao Paulo,Over 2.5 goals,1.92,50,-4.0,lost,-1.0,1-1,1.96,-2.04
2026-07-26T21:30:00Z,Brasileirão,Grêmio,Fluminense,Draw (X),3.5,30,3.58,won,2.5,1-1,3.5,0.0
2026-07-26T21:30:00Z,Brasileirão,Bragantino-SP,Coritiba,Coritiba to win,5.75,19,12.0,lost,-1.0,0-0,6.0,-4.17
2026-07-26T21:30:00Z,Brasileirão,Grêmio,Fluminense,Over 2.5 goals,1.99,49,-1.77,lost,-1.0,1-1,1.99,0.0
2026-07-26T22:30:00Z,Brasileirão,Remo,Vitoria,Over 2.5 goals,2.07,46,-4.01,lost,-1.0,2-0,2.12,-2.36
2026-07-26T22:30:00Z,Brasileirão,Palmeiras,Atletico Mineiro,Atletico Mineiro to win,6.0,17,4.15,won,5.0,1-2,6.0,0.0
2026-07-26T22:30:00Z,Brasileirão,Remo,Vitoria,Vitoria to win,3.55,29,4.37,lost,-1.0,2-0,3.55,0.0
2026-07-26T22:30:00Z,Brasileirão,Palmeiras,Atletico Mineiro,Draw (X),3.85,28,6.97,lost,-1.0,1-2,3.85,0.0
2026-07-26T22:30:00Z,Brasileirão,Palmeiras,Atletico Mineiro,Under 2.5 goals,1.85,53,-1.21,lost,-1.0,1-2,1.89,-2.12
2026-07-26T22:30:00Z,Brasileirão,Palmeiras,Atletico Mineiro,Over 2.5 goals,2.06,47,-3.09,won,1.06,1-2,2.06,0.0
2026-07-29T00:00:00Z,Brasileirão,Chapecoense,Vasco da Gama,Under 2.5 goals,1.89,53,-0.08,void,0.0,,1.85,2.16
2026-07-29T00:00:00Z,Brasileirão,Botafogo,Grêmio,Grêmio to win,5.19,20,4.14,void,0.0,,5.19,0.0
2026-07-29T00:00:00Z,Brasileirão,Botafogo,Grêmio,Over 2.5 goals,2.02,49,-0.27,void,0.0,,1.92,5.21
2026-07-29T00:00:00Z,Brasileirão,Botafogo,Grêmio,Under 2.5 goals,1.96,50,-1.5,void,0.0,,1.96,0.0
2026-07-29T00:00:00Z,Brasileirão,Chapecoense,Vasco da Gama,Over 2.5 goals,1.98,48,-4.36,void,0.0,,1.95,1.54
2026-07-29T00:00:00Z,Brasileirão,Sao Paulo,Santos,Under 2.5 goals,1.67,56,-6.01,void,0.0,,1.67,0.0
2026-07-29T00:00:00Z,Brasileirão,Atletico Mineiro,Bragantino-SP,Under 2.5 goals,1.77,54,-3.54,void,0.0,,1.77,0.0
2026-07-29T22:30:00Z,Brasileirão,Internacional,Flamengo,Under 2.5 goals,1.88,51,-3.8,won,0.88,1-1,1.88,0.0
2026-07-29T22:30:00Z,Brasileirão,Mirassol,Remo,Over 2.5 goals,2.14,45,-4.03,won,1.14,2-1,2.1,1.9
2026-07-29T22:30:00Z,Brasileirão,Internacional,Flamengo,Over 2.5 goals,1.98,49,-2.78,lost,-1.0,1-1,2.06,-3.88
2026-07-29T22:30:00Z,Brasileirão,Internacional,Flamengo,Flamengo to win,2.12,50,6.87,lost,-1.0,1-1,2.12,0.0
2026-07-30T00:30:00Z,Brasileirão,Vitoria,Palmeiras,Under 2.5 goals,1.76,54,-4.25,lost,-1.0,0-4,1.78,-1.12
2026-07-30T00:30:00Z,Brasileirão,Fluminense,Bahia,Over 2.5 goals,1.9,51,-2.56,lost,-1.0,0-0,1.88,1.06
2026-07-30T00:30:00Z,Brasileirão,Vitoria,Palmeiras,Over 2.5 goals,2.09,46,-4.16,won,1.09,0-4,2.26,-7.52
2026-07-30T00:30:00Z,Brasileirão,Fluminense,Bahia,Under 2.5 goals,2.06,48,-1.16,won,1.06,0-0,2.04,0.98
2026-07-30T22:30:00Z,Brasileirão,Corinthians,Atletico Paranaense,Over 2.0 goals,1.78,53,-5.6,lost,-1.0,0-0,1.88,-5.32
2026-07-30T22:30:00Z,Brasileirão,Corinthians,Atletico Paranaense,Over 2.5 goals,2.56,38,-2.68,lost,-1.0,0-0,2.56,0.0
2026-07-30T22:30:00Z,Brasileirão,Corinthians,Atletico Paranaense,Under 2.0 goals,2.02,48,-2.89,won,1.02,0-0,2.0,1.0
2026-07-31T00:00:00Z,Brasileirão,Chapecoense,Vasco da Gama,Over 2.5 goals,1.99,49,-2.54,void,0.0,,1.99,0.0
2026-07-31T00:30:00Z,Brasileirão,Coritiba,Cruzeiro,Over 2.5 goals,2.15,45,-3.83,lost,-1.0,0-1,2.22,-3.15
2026-07-31T00:30:00Z,Brasileirão,Coritiba,Cruzeiro,Under 2.5 goals,1.76,55,-3.84,won,0.76,0-1,1.76,0.0
2026-07-31T23:30:00Z,MLS,New York City FC,Toronto FC,Under 2.75 goals,1.86,52,-3.86,won,0.86,1-1,1.88,-1.06
2026-07-31T23:30:00Z,MLS,New York City FC,Toronto FC,Over 2.75 goals,1.98,48,-4.09,lost,-1.0,1-1,1.94,2.06
2026-08-01T23:30:00Z,MLS,New York Red Bulls,Orlando City SC,Under 3.75 goals,1.83,52,-4.21,lost,-1.0,3-2,1.86,-1.61
2026-08-01T23:30:00Z,MLS,Vancouver Whitecaps FC,Los Angeles FC,Over 3.0 goals,1.87,51,-4.3,lost,-1.0,1-1,1.88,-0.53
2026-08-01T23:30:00Z,MLS,CF Montreal,New England Revolution,Over 2.75 goals,1.93,50,-4.26,won,0.93,2-2,1.9,1.58
2026-08-01T23:30:00Z,MLS,D.C. United,Nashville SC,Over 2.5 goals,1.96,50,-2.76,won,0.96,2-2,1.95,0.51
2026-08-01T23:30:00Z,MLS,Inter Miami CF,Columbus Crew SC,Columbus Crew SC to win,4.05,28,14.6,lost,-1.0,2-2,4.05,0.0
2026-08-01T23:30:00Z,MLS,FC Cincinnati,San Jose Earthquakes,Draw (X),4.3,25,8.44,lost,-1.0,4-2,4.3,0.0
2026-08-01T23:30:00Z,MLS,Philadelphia Union,Atlanta United FC,Atlanta United FC to win,4.65,23,8.24,lost,-1.0,3-2,4.65,0.0
2026-08-01T23:30:00Z,MLS,Philadelphia Union,Atlanta United FC,Over 2.75 goals,1.82,53,-4.26,won,0.82,3-2,1.82,0.0
2026-08-01T23:30:00Z,MLS,Inter Miami CF,Columbus Crew SC,Over 3.5 goals,1.94,50,-3.0,won,0.94,2-2,1.95,-0.51
2026-08-01T23:30:00Z,MLS,FC Cincinnati,San Jose Earthquakes,Under 2.5 goals,3.35,28,-5.31,lost,-1.0,4-2,3.35,0.0
2026-08-01T23:30:00Z,MLS,Philadelphia Union,Atlanta United FC,Over 3.0 goals,2.0,49,-2.56,won,1.0,3-2,1.96,2.04
2026-08-01T23:30:00Z,MLS,D.C. United,Nashville SC,Under 2.5 goals,1.96,49,-3.01,lost,-1.0,2-2,1.97,-0.51
2026-08-01T23:30:00Z,MLS,Vancouver Whitecaps FC,Los Angeles FC,Under 3.0 goals,1.98,48,-4.36,won,0.98,1-1,2.01,-1.49
2026-08-01T23:30:00Z,MLS,New York Red Bulls,Orlando City SC,Over 3.75 goals,1.98,48,-4.36,won,0.98,3-2,2.02,-1.98
2026-08-01T23:30:00Z,MLS,Philadelphia Union,Atlanta United FC,Under 2.5 goals,2.32,42,-2.9,lost,-1.0,3-2,2.32,0.0
2026-08-02T00:30:00Z,MLS,Minnesota United FC,San Diego FC,Over 3.0 goals,1.81,53,-4.09,lost,-1.0,1-1,1.83,-1.09
2026-08-02T00:30:00Z,MLS,Sporting Kansas City,Houston Dynamo,Over 3.0 goals,1.91,50,-4.0,lost,-1.0,0-2,2.01,-4.98
2026-08-02T00:30:00Z,MLS,St. Louis City SC,Real Salt Lake,Under 3.0 goals,1.98,48,-4.09,won,0.98,1-1,1.98,0.0
2026-08-02T00:30:00Z,MLS,Chicago Fire,Charlotte FC,Charlotte FC to win,5.9,22,27.39,lost,-1.0,2-1,5.9,0.0
2026-08-02T00:30:00Z,MLS,Chicago Fire,Charlotte FC,Over 3.5 goals,2.19,44,-3.04,lost,-1.0,2-1,2.22,-1.35
2026-08-02T00:30:00Z,MLS,Chicago Fire,Charlotte FC,Under 3.5 goals,1.76,55,-3.02,won,0.76,2-1,1.76,0.0
2026-08-02T01:30:00Z,MLS,Colorado Rapids,Austin FC,Austin FC to win,4.26,25,7.46,lost,-1.0,1-0,4.26,0.0
2026-08-02T01:30:00Z,MLS,Colorado Rapids,Austin FC,Under 3.0 goals,1.82,53,-4.04,won,0.82,1-0,1.73,5.2
2026-08-02T01:30:00Z,MLS,Colorado Rapids,Austin FC,Under 2.5 goals,2.3,42,-2.91,won,1.3,1-0,2.3,0.0
2026-08-02T01:30:00Z,MLS,Colorado Rapids,Austin FC,Over 3.0 goals,2.02,47,-4.26,lost,-1.0,1-0,2.03,-0.49
2026-08-02T02:30:00Z,MLS,Portland Timbers,Seattle Sounders FC,Over 3.25 goals,1.99,48,-4.13,lost,-1.0,2-1,1.95,2.05
2026-08-02T02:30:00Z,MLS,LA Galaxy,FC Dallas,Draw (X),3.95,27,5.18,won,2.95,0-0,3.95,0.0
2026-08-02T02:30:00Z,MLS,LA Galaxy,FC Dallas,Under 3.0 goals,1.98,49,-3.83,won,0.98,0-0,1.98,0.0
2026-08-02T02:30:00Z,MLS,LA Galaxy,FC Dallas,Over 3.0 goals,1.88,51,-4.04,lost,-1.0,0-0,1.87,0.53
2026-08-02T02:30:00Z,MLS,Portland Timbers,Seattle Sounders FC,Under 3.25 goals,1.86,51,-4.33,won,0.86,2-1,1.86,0.0
2026-08-02T23:00:00Z,Liga MX,América,Santos Laguna,América to win,1.36,80,8.42,won,0.36,3-0,,
2026-08-04T16:00:00Z,UCL Qualification,FC Ararat-Armenia,NK Celje,FC Ararat-Armenia to win,2.55,78,100.1,won,1.55,2-1,,
2026-08-04T18:00:00Z,UCL Qualification,Sparta Prague,Lyon,Sparta Prague to win,2.78,54,51.43,won,1.78,2-1,,
2026-08-07T17:00:00Z,Eliteserien,Sandefjord,KFUM,Sandefjord to win,2.44,43,4.95,lost,-1.0,0-1,,
2026-08-08T10:30:00Z,K League 1,Gangwon FC,Incheon United,Draw (X),2.8,44,22.35,void,0.0,,2.8,0.0
2026-08-08T11:00:00Z,2. Bundesliga,1. FC Magdeburg,Eintracht Braunschweig,Under 7.5 goals,1.14,94,6.77,lost,-1.0,1-7,,
2026-08-08T11:00:00Z,K League 1,Jeonbuk Hyundai Motors,Jeju United FC,Jeju United FC to win,1.52,85,29.66,won,0.52,1-3,,
2026-08-08T13:01:00Z,Allsvenskan,Örgryte IS,AIK,AIK to win,2.82,40,13.37,won,1.82,3-4,,
2026-08-08T14:00:00Z,Eliteserien,Viking FK,Sarpsborg FK,Under 3.5 goals,2.0,52,3.42,won,1.0,2-1,2.0,0.0
2026-08-08T14:00:00Z,Scottish Premiership,Dundee FC,Aberdeen,Dundee FC to win,2.94,38,10.59,won,1.94,2-0,2.94,0.0
2026-08-08T15:30:00Z,Ekstraklasa,Pogoń Szczecin,Motor Lublin,Pogoń Szczecin to win,2.1,50,4.07,won,1.1,3-1,2.1,0.0
2026-08-08T15:30:00Z,Allsvenskan,Mjällby AIF,IF Elfsborg,Mjällby AIF to win,2.76,45,23.82,lost,-1.0,0-1,2.76,0.0
2026-08-08T15:30:00Z,Allsvenskan,Mjällby AIF,IF Elfsborg,Over 1.5 goals,1.85,62,14.89,lost,-1.0,0-1,,
2026-08-08T15:30:00Z,Ekstraklasa,Pogoń Szczecin,Motor Lublin,Under 3.25 goals,1.84,57,5.01,lost,-1.0,3-1,,
2026-08-08T16:00:00Z,Eliteserien,IK Start,Fredrikstad FK,Under 2.5 goals,2.24,47,4.56,won,1.24,0-1,2.24,0.0
2026-08-08T16:00:00Z,Eliteserien,IK Start,Fredrikstad FK,Over 2.5 goals,2.08,50,3.37,lost,-1.0,0-1,1.81,14.92
2026-08-08T16:15:00Z,Belgian Pro League,Standard Liege,Cercle Brugge KSV,Standard Liege to win,2.54,41,4.67,lost,-1.0,2-2,2.54,0.0
2026-08-08T16:15:00Z,Belgian Pro League,Standard Liege,Cercle Brugge KSV,Over 1.5 goals,2.06,60,22.86,won,1.06,2-2,,
2026-08-08T17:00:00Z,Primeira Liga,Vitória SC,Arouca,Over 2.5 goals,1.96,53,3.47,lost,-1.0,0-1,2.0,-2.0
2026-08-08T17:00:00Z,Primeira Liga,Vitória SC,Arouca,Over 1.5 goals,2.32,57,33.39,lost,-1.0,0-1,,
2026-08-08T17:30:00Z,Austrian Bundesliga,Hartberg,Sturm Graz,Over 1.25 goals,1.81,61,10.41,won,0.81,0-2,,
2026-08-08T17:45:00Z,Liga Profesional,Deportivo Riestra,Estudiantes,Under 1.5 goals,2.08,50,4.25,lost,-1.0,2-0,2.05,1.46
2026-08-08T17:47:00Z,Liga Profesional,Atlético Tucuman,Sarmiento de Junin,Over 0.5 goals,1.36,76,3.25,won,0.36,1-2,,
2026-08-08T18:00:00Z,Eredivisie,PSV Eindhoven,Fortuna Sittard,Over 3.5 goals,1.66,63,4.04,won,0.66,2-2,1.66,0.0
2026-08-08T18:00:00Z,Eredivisie,PSV Eindhoven,Fortuna Sittard,Over 2.5 goals,1.93,65,24.79,won,0.93,2-2,,
2026-08-08T18:15:00Z,Ekstraklasa,Korona Kielce,Legia Warszawa,Under 2.25 goals,2.04,53,8.42,won,1.04,1-1,2.04,0.0
2026-08-08T18:15:00Z,Ekstraklasa,Korona Kielce,Legia Warszawa,Under 2.0 goals,1.81,46,9.63,void,0.0,1-1,,
2026-08-08T18:45:00Z,Belgian Pro League,Westerlo,Union Saint-Gilloise,Under 2.5 goals,2.1,52,9.05,lost,-1.0,1-5,2.24,-6.25
2026-08-08T19:00:00Z,Brasileirão,Grêmio,Sao Paulo,Under 2.5 goals,1.73,55,-4.14,lost,-1.0,2-1,1.78,-2.81
2026-08-08T19:00:00Z,Brasileirão,Grêmio,Sao Paulo,Grêmio to win,2.5,41,3.46,won,1.5,2-1,2.5,0.0
2026-08-08T20:30:00Z,MLS,New England Revolution,Houston Dynamo,Over 2.5 goals,1.82,53,-2.93,lost,-1.0,0-2,1.84,-1.09
2026-08-08T20:30:00Z,MLS,New England Revolution,Houston Dynamo,New England Revolution to win,2.55,42,6.93,lost,-1.0,0-2,2.55,0.0
2026-08-08T20:30:00Z,MLS,New England Revolution,Houston Dynamo,Under 2.5 goals,2.34,45,6.14,won,1.34,0-2,2.34,0.0
2026-08-08T21:30:00Z,Brasileirão,Remo,Atletico Mineiro,Under 2.5 goals,1.73,55,-4.14,lost,-1.0,2-2,1.73,0.0
2026-08-08T21:30:00Z,Brasileirão,Remo,Atletico Mineiro,Remo to win,2.96,36,7.66,lost,-1.0,2-2,2.88,2.78
2026-08-08T23:30:00Z,Brasileirão,Coritiba,Chapecoense,Over 2.5 goals,1.98,48,-4.09,won,0.98,2-1,2.1,-5.71
2026-08-08T23:30:00Z,Brasileirão,Coritiba,Chapecoense,Coritiba to win,1.73,62,6.89,won,0.73,2-1,1.73,0.0
2026-08-09T00:00:00Z,Brasileirão,Botafogo,Fluminense,Over 2.5 goals,2.07,46,-4.01,lost,-1.0,1-1,2.07,0.0
2026-08-09T00:00:00Z,Brasileirão,Botafogo,Fluminense,Botafogo to win,2.73,40,9.05,lost,-1.0,1-1,2.36,15.68
2026-08-09T00:30:00Z,Liga Profesional,Independiente,Platense,Independiente to win,1.91,55,5.43,lost,-1.0,0-1,1.9,0.53
2026-08-09T11:30:00Z,2. Bundesliga,1. FC Nürnberg,Dynamo Dresden,1. FC Nürnberg to win,2.38,44,4.27,won,1.38,3-0,2.38,0.0
2026-08-09T12:00:00Z,Allsvenskan,Hammarby IF,BK Hacken,Under 3.5 goals,1.97,53,5.18,won,0.97,3-0,1.99,-1.01
2026-08-09T12:30:00Z,Scottish Premiership,Kilmarnock,Celtic,Under 3.25 goals,1.97,53,4.32,lost,-1.0,1-5,1.99,-1.01
2026-08-09T12:45:00Z,Ekstraklasa,Śląsk Wrocław,Cracovia Kraków,Śląsk Wrocław to win,2.48,42,3.01,lost,-1.0,0-0,2.54,-2.36
2026-08-09T14:00:00Z,Brasileirão,Cruzeiro,Mirassol,Under 2.5 goals,1.73,55,-4.14,lost,-1.0,3-1,1.89,-8.47
2026-08-09T14:00:00Z,Scottish Premiership,Hearts,Dundee United,Hearts to win,1.71,60,3.06,won,0.71,4-0,1.73,-1.16
2026-08-09T14:00:00Z,Scottish Premiership,Motherwell,Falkirk F.C.,Motherwell to win,1.86,58,8.56,lost,-1.0,0-0,1.86,0.0
2026-08-09T14:00:00Z,Danish Superliga,Randers FC,Lyngby,Under 2.5 goals,2.16,48,4.15,won,1.16,2-0,2.16,0.0
2026-08-09T14:30:00Z,Allsvenskan,Halmstads BK,GAIS,Under 2.5 goals,2.13,51,9.58,won,1.13,0-2,2.06,3.4
2026-08-09T14:45:00Z,Eredivisie,Heerenveen,FC Twente Enschede,Under 3.5 goals,1.71,60,3.34,won,0.71,1-0,1.71,0.0
2026-08-09T15:00:00Z,Eliteserien,HamKam,Aalesund,HamKam to win,2.17,52,12.77,lost,-1.0,1-1,2.14,1.4
2026-08-09T15:00:00Z,Scottish Premiership,Rangers,Hibernian,Under 3.0 goals,1.94,46,11.05,void,0.0,1-2,1.95,-0.51
2026-08-09T15:00:00Z,Austrian Bundesliga,Ried,Rapid Wien,Ried to win,3.2,36,14.74,lost,-1.0,1-2,3.2,0.0
2026-08-09T15:00:00Z,Austrian Bundesliga,Ried,Rapid Wien,Under 2.5 goals,1.95,55,6.33,lost,-1.0,1-2,1.95,0.0
2026-08-09T15:00:00Z,Austrian Bundesliga,Ried,Rapid Wien,Under 3.5 goals,1.79,86,53.4,won,0.79,1-2,,
2026-08-09T15:00:00Z,Austrian Bundesliga,Wolfsberger AC,RB Salzburg,Under 2.5 goals,1.85,73,34.62,won,0.85,1-1,,
2026-08-09T15:00:00Z,Eliteserien,HamKam,Aalesund,Under 2.5 goals,1.79,65,16.89,won,0.79,1-1,2.48,-27.82
2026-08-09T15:01:00Z,Scottish Premiership,Rangers,Hibernian,Over 1.5 goals,1.98,62,22.54,won,0.98,1-2,,
2026-08-09T15:30:00Z,Ekstraklasa,Lech Poznań,Piast Gliwice,Under 3.0 goals,1.81,48,9.79,void,0.0,3-0,1.82,-0.55
2026-08-09T15:30:00Z,Ekstraklasa,Lech Poznań,Piast Gliwice,Over 1.75 goals,1.85,64,17.54,won,0.85,3-0,,
2026-08-09T16:30:00Z,Belgian Pro League,Anderlecht,RAAL La Louvière,Over 1.5 goals,1.73,66,13.48,won,0.73,2-1,,
2026-08-09T17:00:00Z,Primeira Liga,FC Porto,Alverca,Under 3.0 goals,1.92,49,16.85,won,0.92,2-0,1.9,1.05
2026-08-09T17:00:00Z,Austrian Bundesliga,Austria Wien,LASK,Over 2.5 goals,1.83,56,3.39,lost,-1.0,0-2,1.83,0.0
2026-08-09T17:15:00Z,Eliteserien,Kristiansund BK,Molde,Under 3.5 goals,1.7,61,4.47,won,0.7,2-1,1.68,1.19
2026-08-09T18:00:00Z,Liga Profesional,San Lorenzo,Atlético Huracán,Under 1.5 goals,1.99,52,3.51,lost,-1.0,0-2,2.07,-3.86
2026-08-09T18:15:00Z,Ekstraklasa,Jagiellonia Białystok,Widzew Łódź,Jagiellonia Białystok to win,2.45,45,10.19,lost,-1.0,0-2,2.46,-0.41
2026-08-09T19:00:00Z,Brasileirão,Palmeiras,Internacional,Under 2.5 goals,1.78,54,-4.08,won,0.78,0-0,1.78,0.0
2026-08-09T19:00:00Z,Brasileirão,Bahia,Vasco da Gama,Over 2.5 goals,1.89,51,-3.78,lost,-1.0,0-0,1.89,0.0
2026-08-09T19:00:00Z,Brasileirão,Palmeiras,Internacional,Palmeiras to win,1.64,65,6.19,lost,-1.0,0-0,1.64,0.0
2026-08-09T19:00:00Z,Brasileirão,Bahia,Vasco da Gama,Bahia to win,2.0,52,4.5,lost,-1.0,0-0,2.08,-3.85
2026-08-09T19:30:00Z,Primeira Liga,Gil Vicente,Rio Ave FC,Gil Vicente to win,2.04,53,7.71,won,1.04,1-0,2.04,0.0
2026-08-09T20:45:00Z,Liga Profesional,Defensa y Justicia,Newells Old Boys,Defensa y Justicia to win,2.35,44,4.54,won,1.35,2-1,2.25,4.44
2026-08-09T21:30:00Z,Brasileirão,Santos,Atletico Paranaense,Over 2.5 goals,2.18,44,-4.17,lost,-1.0,0-2,2.18,0.0
2026-08-09T21:30:00Z,Brasileirão,Bragantino-SP,Corinthians,Over 2.5 goals,2.23,43,-4.18,lost,-1.0,0-2,2.25,-0.89
2026-08-09T21:30:00Z,Brasileirão,Bragantino-SP,Corinthians,Under 2.0 goals,2.15,44,-5.69,void,0.0,0-2,2.15,0.0
2026-08-09T21:30:00Z,Brasileirão,Bragantino-SP,Corinthians,Over 2.0 goals,1.68,49,9.21,void,0.0,0-2,1.83,-8.2
2026-08-09T22:30:00Z,Brasileirão,Flamengo,Vitoria,Under 2.5 goals,2.18,44,-4.17,won,1.18,2-0,2.33,-6.44
2026-08-09T23:15:00Z,Liga Profesional,Argentinos Juniors,Racing Club,Argentinos Juniors to win,2.2,47,3.09,won,1.2,2-1,2.22,-0.9
2026-08-10T17:00:00Z,Danish Superliga,Silkeborg IF,OB Odense BK,Silkeborg IF to win,2.82,37,3.5,won,1.82,1-0,2.82,0.0
2026-08-10T17:00:00Z,Allsvenskan,IK Sirius,IF Brommapojkarna,Over 2.5 goals,1.86,63,16.8,won,0.86,2-2,1.37,35.77
2026-08-10T17:00:00Z,Allsvenskan,Västerås SK,Djurgardens IF,Over 2.5 goals,1.79,60,7.23,lost,-1.0,1-0,1.57,14.01
2026-08-10T17:00:00Z,Danish Superliga,Silkeborg IF,OB Odense BK,Over 2.5 goals,2.02,57,14.69,lost,-1.0,1-0,,
2026-08-10T19:15:00Z,Primeira Liga,Santa Clara,Nacional,Under 2.5 goals,1.75,59,3.86,lost,-1.0,2-2,1.75,0.0
2026-08-10T19:15:00Z,Primeira Liga,Santa Clara,Nacional,Under 2.0 goals,1.92,45,14.35,lost,-1.0,2-2,1.92,0.0
2026-08-11T00:15:00Z,Liga Profesional,Union Santa Fe,Central Córdoba,Under 3.0 goals,1.65,56,12.98,void,0.0,1-2,,
2026-08-14T10:00:00Z,J1 League,Tokyo Verdy,Kashiwa Reysol,Under 2.5 goals,1.66,63,3.95,lost,-1.0,1-3,1.73,-4.05
2026-08-14T16:00:00Z,Ekstraklasa,Widzew Łódź,Korona Kielce,Under 2.5 goals,1.76,59,3.66,void,0.0,,1.76,0.0
2026-08-14T16:30:00Z,2. Bundesliga,Holstein Kiel,FC St. Pauli,FC St. Pauli to win,1.69,78,30.99,lost,-1.0,2-2,,
2026-08-14T17:00:00Z,Danish Superliga,Viborg FF,AGF Aarhus,AGF Aarhus to win,2.98,37,9.55,lost,-1.0,2-1,3.3,-9.7
2026-08-14T17:00:00Z,Eliteserien,Rosenborg,Viking FK,Viking FK to win,2.5,42,4.23,lost,-1.0,2-1,2.62,-4.58
2026-08-14T17:00:00Z,Eliteserien,Rosenborg,Viking FK,Under 3.5 goals,1.73,60,3.66,won,0.73,2-1,1.73,0.0
2026-08-14T17:00:00Z,Danish Superliga,Viborg FF,AGF Aarhus,Under 3.5 goals,2.06,56,15.92,won,1.06,2-1,,
2026-08-14T17:30:00Z,Austrian Bundesliga,LASK,Ried,Under 3.5 goals,1.67,63,5.05,lost,-1.0,4-1,1.67,0.0
2026-08-14T18:00:00Z,Eredivisie,SC Telstar,Sparta Rotterdam,Under 3.0 goals,1.82,48,10.17,lost,-1.0,1-3,2.01,-9.45
2026-08-14T18:30:00Z,Ekstraklasa,Legia Warszawa,Radomiak Radom,Under 3.0 goals,1.8,51,13.25,lost,-1.0,5-0,1.8,0.0
2026-08-14T18:45:00Z,Belgian Pro League,Cercle Brugge KSV,Sint Truiden,Sint Truiden to win,2.8,37,4.25,lost,-1.0,3-3,2.84,-1.41
2026-08-14T19:00:00Z,Championship,Wolverhampton Wanderers,Blackburn Rovers,Blackburn Rovers to win,1.46,79,14.92,lost,-1.0,2-2,,
2026-08-15T09:00:00Z,J1 League,Kashima Antlers,Nagoya Grampus,Kashima Antlers to win,1.86,56,3.36,won,0.86,2-1,1.97,-5.58
2026-08-15T09:30:00Z,J1 League,Shimizu S Pulse,Yokohama F Marinos,Yokohama F Marinos to win,2.94,35,3.05,won,1.94,0-1,2.98,-1.34
2026-08-15T10:00:00Z,J1 League,Urawa Red Diamonds,Hiroshima Sanfrecce FC,Under 2.5 goals,1.91,57,9.73,lost,-1.0,1-4,2.0,-4.5
2026-08-15T10:00:00Z,J1 League,Vissel Kobe,FC Tokyo,Vissel Kobe to win,2.34,45,5.05,lost,-1.0,2-2,2.32,0.86
2026-08-15T10:00:00Z,J1 League,Kawasaki Frontale,Kyoto Purple Sanga,Over 2.5 goals,1.88,56,6.01,won,0.88,2-2,1.91,-1.57
2026-08-15T10:00:00Z,J1 League,Vissel Kobe,FC Tokyo,Under 2.5 goals,1.78,58,3.6,lost,-1.0,2-2,1.78,0.0
2026-08-15T10:00:00Z,J1 League,Urawa Red Diamonds,Hiroshima Sanfrecce FC,Under 5.5 goals,2.1,68,43.48,won,1.1,1-4,,
2026-08-15T10:00:00Z,J1 League,Kawasaki Frontale,Kyoto Purple Sanga,Under 4.5 goals,2.32,57,31.75,won,1.32,2-2,,
2026-08-15T10:00:00Z,J1 League,Avispa Fukuoka,Cerezo Osaka,Under 2.5 goals,2.1,51,7.75,lost,-1.0,3-0,1.8,16.67
2026-08-15T10:00:00Z,J1 League,Vissel Kobe,FC Tokyo,FC Tokyo to win,3.18,50,58.91,lost,-1.0,2-2,,
2026-08-15T11:00:00Z,2. Bundesliga,Hertha Berlin,1. FC Heidenheim,Hertha Berlin to win,1.58,90,42.29,won,0.58,4-1,,
2026-08-15T11:00:00Z,2. Bundesliga,VfL Osnabrück,1. FC Magdeburg,1. FC Magdeburg to win,1.52,84,27.42,won,0.52,0-3,,
2026-08-15T11:00:00Z,2. Bundesliga,Greuther Fürth,1. FC Nürnberg,Under 4.0 goals,1.7,60,17.66,lost,-1.0,2-4,,
2026-08-15T11:30:00Z,League One,Notts County,Leicester City,Leicester City to win,2.32,46,6.0,lost,-1.0,1-1,,
2026-08-15T12:45:00Z,Ekstraklasa,Zagłębie Lubin,Śląsk Wrocław,Zagłębie Lubin to win,2.36,44,3.22,won,1.36,2-1,2.36,0.0
2026-08-15T12:45:00Z,Ekstraklasa,Zagłębie Lubin,Śląsk Wrocław,Under 2.5 goals,1.89,55,3.46,lost,-1.0,2-1,1.89,0.0
2026-08-15T13:00:00Z,Allsvenskan,Mjällby AIF,IK Sirius,Mjällby AIF to win,3.35,35,18.82,won,2.35,4-3,3.3,1.52
2026-08-15T14:00:00Z,Championship,Charlton Athletic,Derby County,Derby County to win,2.88,38,9.05,lost,-1.0,2-1,2.82,2.13
2026-08-15T14:00:00Z,Championship,Bristol City,Millwall,Millwall to win,3.0,36,8.6,won,2.0,0-2,2.95,1.69
2026-08-15T14:00:00Z,League One,Mansfield Town,Doncaster Rovers,Mansfield Town to win,2.12,49,4.46,won,1.12,2-1,2.24,-5.36
2026-08-15T14:00:00Z,Belgian Pro League,Union Saint-Gilloise,SV Zulte-Waregem,Under 3.0 goals,1.7,54,13.32,won,0.7,0-0,1.79,-5.03
2026-08-15T14:00:00Z,League One,Plymouth Argyle,Stockport County FC,Plymouth Argyle to win,2.34,44,3.12,lost,-1.0,1-3,2.38,-1.68
2026-08-15T14:00:00Z,Eliteserien,KFUM,Lillestrom,KFUM to win,2.8,37,3.99,lost,-1.0,1-1,3.3,-15.15
2026-08-15T14:00:00Z,Eliteserien,KFUM,Lillestrom,Under 2.5 goals,2.38,45,8.15,won,1.38,1-1,2.25,5.78
2026-08-15T14:00:00Z,Championship,Bristol City,Millwall,Under 2.5 goals,1.93,53,3.18,won,0.93,0-2,1.94,-0.52
2026-08-15T14:00:00Z,Championship,Norwich City,West Bromwich Albion,Under 2.5 goals,1.95,53,3.51,lost,-1.0,1-2,1.9,2.63
2026-08-15T14:00:00Z,League One,Blackpool,Wycombe Wanderers,Wycombe Wanderers to win,2.88,36,3.42,lost,-1.0,1-1,2.9,-0.69
2026-08-15T14:00:00Z,League One,Burton Albion,Stevenage,Under 2.5 goals,1.61,64,3.21,won,0.61,1-1,1.65,-2.42
2026-08-15T14:00:00Z,League One,Bradford City,Peterborough United,Under 2.5 goals,2.26,48,7.39,won,1.26,2-0,2.26,0.0
2026-08-15T15:00:00Z,Austrian Bundesliga,Austria Lustenau,Wolfsberger AC,Austria Lustenau to win,1.43,74,5.13,won,0.43,2-1,,
2026-08-15T15:30:00Z,Ekstraklasa,Wisła Płock,Lech Poznań,Under 3.0 goals,1.78,54,17.66,void,0.0,,1.82,-2.2
2026-08-15T16:00:00Z,Süper Lig,Torku Konyaspor,Çaykur Rizespor,Torku Konyaspor to win,2.54,41,3.81,lost,-1.0,0-1,2.54,0.0
2026-08-15T16:00:00Z,Süper Lig,Kasimpasa SK,Trabzonspor,Trabzonspor to win,2.18,62,35.44,lost,-1.0,1-1,,
2026-08-15T16:00:00Z,Süper Lig,Torku Konyaspor,Çaykur Rizespor,Over 1.5 goals,2.14,60,29.07,lost,-1.0,0-1,,
2026-08-15T16:15:00Z,Belgian Pro League,KV Kortrijk,Royal Antwerp,Royal Antwerp to win,3.0,44,32.09,won,2.0,0-3,,
2026-08-15T17:30:00Z,La Liga,Alavés,Getafe,Under 2.5 goals,1.36,70,-5.01,lost,-1.0,3-0,1.36,0.0
2026-08-15T17:30:00Z,La Liga,Alavés,Getafe,Over 2.5 goals,3.05,31,-5.46,won,2.05,3-0,3.05,0.0
2026-08-15T17:30:00Z,La Liga,Alavés,Getafe,Alavés to win,2.55,41,3.62,won,1.55,3-0,2.55,0.0
2026-08-15T17:30:00Z,Liga Profesional,Aldosivi Mar del Plata,CA Tigre BA,CA Tigre BA to win,2.92,37,6.92,lost,-1.0,0-0,2.65,10.19
2026-08-15T17:30:00Z,Austrian Bundesliga,Sturm Graz,Rheindorf Altach,Under 2.5 goals,2.12,49,3.13,won,1.12,1-0,2.36,-10.17
2026-08-15T17:30:00Z,Liga Profesional,San Lorenzo,Union Santa Fe,San Lorenzo to win,2.9,37,6.34,won,1.9,1-0,2.9,0.0
2026-08-15T18:15:00Z,Ekstraklasa,Widzew Łódź,Korona Kielce,Under 2.25 goals,2.0,55,9.57,lost,-1.0,1-2,1.97,1.52
2026-08-15T18:30:00Z,Süper Lig,Gazişehir Gaziantep,Alanyaspor,Alanyaspor to win,3.05,35,8.08,lost,-1.0,1-1,3.05,0.0
2026-08-15T18:30:00Z,Süper Lig,Genclerbirligi SK,Fenerbahce,Over 2.5 goals,1.89,55,3.11,won,0.89,2-1,1.89,0.0
2026-08-15T18:30:00Z,2. Bundesliga,1. FC Kaiserslautern,Karlsruher SC,1. FC Kaiserslautern to win,2.1,50,3.98,lost,-1.0,0-0,2.12,-0.94
2026-08-15T18:30:00Z,Süper Lig,Gazişehir Gaziantep,Alanyaspor,Over 2.5 goals,2.12,49,3.12,lost,-1.0,1-1,2.18,-2.75
2026-08-15T18:45:00Z,Belgian Pro League,Leuven,Club Brugge,Over 3.0 goals,1.82,47,7.38,void,0.0,0-3,1.71,6.43
2026-08-15T18:45:00Z,Belgian Pro League,Genk,Westerlo,Under 3.5 goals,1.68,63,5.8,lost,-1.0,3-2,1.95,-13.85
2026-08-15T19:30:00Z,La Liga,Sevilla,Rayo Vallecano,Rayo Vallecano to win,3.6,29,2.78,lost,-1.0,2-1,3.65,-1.37
2026-08-15T19:30:00Z,La Liga,Sevilla,Rayo Vallecano,Over 2.5 goals,2.36,42,-1.52,won,1.36,2-1,2.5,-5.6
2026-08-15T19:30:00Z,Brasileirão,Fluminense,Palmeiras,Over 2.0 goals,1.71,50,11.31,won,0.71,3-2,1.73,-1.16
2026-08-15T19:30:00Z,Primeira Liga,Rio Ave FC,FC Porto,Under 3.0 goals,1.71,54,14.18,won,0.71,0-2,1.71,0.0
2026-08-15T19:30:00Z,Primeira Liga,Rio Ave FC,FC Porto,Under 2.5 goals,2.15,49,4.71,won,1.15,0-2,2.12,1.42
2026-08-15T21:30:00Z,Brasileirão,Atletico Paranaense,Bragantino-SP,Atletico Paranaense to win,2.11,49,3.09,lost,-1.0,1-1,2.1,0.48
2026-08-15T23:30:00Z,MLS,CF Montreal,D.C. United,Over 2.5 goals,1.76,55,-3.02,lost,-1.0,1-1,1.76,0.0
2026-08-15T23:30:00Z,MLS,Toronto FC,New England Revolution,Over 2.5 goals,1.75,55,-3.12,won,0.75,2-1,1.76,-0.57
2026-08-15T23:30:00Z,MLS,Orlando City SC,FC Cincinnati,Over 3.5 goals,1.88,52,-2.86,lost,-1.0,1-1,1.84,2.17
2026-08-15T23:30:00Z,MLS,Atlanta United FC,New York Red Bulls,Over 3.5 goals,2.14,45,-3.13,lost,-1.0,2-1,2.12,0.94
2026-08-15T23:30:00Z,MLS,Charlotte FC,Columbus Crew SC,Over 3.0 goals,2.1,45,-5.75,won,1.1,3-1,2.1,0.0
2026-08-15T23:30:00Z,MLS,Atlanta United FC,New York Red Bulls,Over 2.5 goals,1.44,65,-5.85,won,0.44,2-1,1.41,2.13
2026-08-15T23:30:00Z,MLS,Charlotte FC,Columbus Crew SC,Under 2.5 goals,2.22,44,-2.77,lost,-1.0,3-1,2.22,0.0
2026-08-15T23:30:00Z,MLS,Orlando City SC,FC Cincinnati,Under 2.5 goals,3.35,28,-5.31,won,2.35,1-1,3.35,0.0
2026-08-15T23:30:00Z,MLS,Atlanta United FC,New York Red Bulls,Under 3.5 goals,1.77,55,-2.92,won,0.77,2-1,1.87,-5.35
2026-08-15T23:30:00Z,MLS,Charlotte FC,Columbus Crew SC,Under 3.0 goals,1.71,51,9.36,lost,-1.0,3-1,1.74,-1.72
2026-08-15T23:30:00Z,MLS,Toronto FC,New England Revolution,Under 2.5 goals,2.21,47,3.99,lost,-1.0,2-1,2.22,-0.45
2026-08-15T23:30:00Z,MLS,CF Montreal,D.C. United,CF Montreal to win,2.34,44,3.05,lost,-1.0,1-1,2.34,0.0
2026-08-15T23:30:00Z,MLS,Charlotte FC,Columbus Crew SC,Charlotte FC to win,2.38,43,3.4,won,1.38,3-1,2.4,-0.83
2026-08-15T23:30:00Z,MLS,Toronto FC,New England Revolution,Under 3.0 goals,1.71,54,13.92,void,0.0,2-1,1.75,-2.29
2026-08-15T23:30:00Z,MLS,CF Montreal,D.C. United,Under 3.0 goals,1.72,50,8.5,won,0.72,1-1,1.72,0.0
2026-08-16T00:00:00Z,Brasileirão,Sao Paulo,Coritiba,Under 2.5 goals,2.02,52,5.32,won,1.02,1-1,1.88,7.45
2026-08-16T00:15:00Z,Liga Profesional,Platense,Boca Juniors,Boca Juniors to win,2.32,46,7.47,lost,-1.0,1-1,2.24,3.57
2026-08-16T00:30:00Z,MLS,Houston Dynamo,LA Galaxy,Over 3.0 goals,2.01,47,-5.6,lost,-1.0,1-0,2.01,0.0
2026-08-16T00:30:00Z,MLS,Nashville SC,Inter Miami CF,Under 2.5 goals,2.62,35,-7.07,lost,-1.0,4-1,2.62,0.0
2026-08-16T00:30:00Z,MLS,Houston Dynamo,LA Galaxy,Over 2.5 goals,1.69,57,-2.94,lost,-1.0,1-0,1.69,0.0
2026-08-16T00:30:00Z,MLS,Houston Dynamo,LA Galaxy,Under 3.0 goals,1.78,50,11.09,won,0.78,1-0,1.78,0.0
2026-08-16T00:30:00Z,MLS,Nashville SC,Inter Miami CF,Nashville SC to win,2.52,42,5.95,won,1.52,4-1,2.58,-2.33
2026-08-16T01:30:00Z,MLS,Colorado Rapids,Sporting Kansas City,Under 3.5 goals,1.81,54,-3.0,won,0.81,2-0,1.76,2.84
2026-08-16T01:30:00Z,MLS,Real Salt Lake,Minnesota United FC,Over 3.0 goals,1.96,48,-5.63,lost,-1.0,1-1,1.98,-1.01
2026-08-16T01:30:00Z,MLS,Real Salt Lake,Minnesota United FC,Over 2.5 goals,1.67,58,-3.07,lost,-1.0,1-1,1.67,0.0
2026-08-16T01:30:00Z,MLS,Colorado Rapids,Sporting Kansas City,Over 3.5 goals,2.1,46,-3.08,lost,-1.0,2-0,2.3,-8.7
2026-08-16T01:30:00Z,MLS,Real Salt Lake,Minnesota United FC,Under 3.0 goals,1.86,52,18.29,won,0.86,1-1,1.88,-1.06
2026-08-16T01:30:00Z,MLS,Colorado Rapids,Sporting Kansas City,Over 3.0 goals,1.7,49,5.88,lost,-1.0,2-0,1.74,-2.3
2026-08-16T02:30:00Z,MLS,Los Angeles FC,San Diego FC,Over 2.5 goals,1.36,67,-8.46,lost,-1.0,0-1,1.44,-5.56
2026-08-16T02:30:00Z,MLS,San Jose Earthquakes,St. Louis City SC,Under 2.5 goals,2.5,37,-8.63,lost,-1.0,1-3,2.52,-0.79
2026-08-16T02:30:00Z,MLS,San Jose Earthquakes,St. Louis City SC,San Jose Earthquakes to win,2.26,48,8.22,lost,-1.0,1-3,2.25,0.44
2026-08-16T12:00:00Z,Allsvenskan,Djurgardens IF,AIK,Under 3.5 goals,1.71,61,3.73,lost,-1.0,1-3,1.64,4.27
2026-08-16T12:00:00Z,Danish Superliga,FC Nordsjaelland,Silkeborg IF,Under 3.5 goals,1.88,56,4.46,won,0.88,1-0,2.0,-6.0
2026-08-16T12:30:00Z,Championship,Watford,Southampton,Southampton to win,2.15,49,4.62,lost,-1.0,2-1,2.12,1.42
2026-08-16T12:30:00Z,Eredivisie,Feyenoord,Go Ahead Eagles,Under 3.5 goals,2.03,52,5.99,lost,-1.0,2-2,2.02,0.5
2026-08-16T12:30:00Z,Eredivisie,FC Twente Enschede,FC Zwolle,Under 3.5 goals,2.03,51,3.49,lost,-1.0,3-1,1.88,7.98
2026-08-16T12:30:00Z,Eliteserien,Aalesund,Vålerenga,Aalesund to win,2.95,36,5.5,lost,-1.0,5-5,2.9,1.72
2026-08-16T12:45:00Z,Ekstraklasa,Motor Lublin,GKS Katowice,GKS Katowice to win,2.78,37,4.12,lost,-1.0,1-0,2.78,0.0
2026-08-16T14:30:00Z,Primeira Liga,Nacional,Estoril,Nacional to win,2.6,40,3.29,won,1.6,2-0,2.8,-7.14
2026-08-16T14:30:00Z,Allsvenskan,GAIS,Malmo FF,Under 2.5 goals,2.24,46,3.52,won,1.24,0-1,2.3,-2.61
2026-08-16T14:45:00Z,Eredivisie,Ajax,Heerenveen,Under 3.5 goals,1.83,57,4.67,lost,-1.0,2-2,1.84,-0.54
2026-08-16T15:00:00Z,La Liga,Real Racing Club de Santander,Villarreal,Over 2.5 goals,1.96,49,-4.04,won,0.96,2-2,1.83,7.1
2026-08-16T15:00:00Z,La Liga,Real Racing Club de Santander,Villarreal,Under 2.5 goals,1.88,51,-3.8,lost,-1.0,2-2,2.19,-14.16
2026-08-16T15:00:00Z,Eliteserien,Sarpsborg FK,Sandefjord,Under 3.5 goals,1.67,64,7.07,won,0.67,1-2,1.67,0.0
2026-08-16T15:00:00Z,Austrian Bundesliga,Hartberg,Austria Wien,Hartberg to win,2.95,37,7.96,lost,-1.0,0-2,3.0,-1.67
2026-08-16T15:00:00Z,Austrian Bundesliga,WSG Tirol,RB Salzburg,Under 3.5 goals,1.65,63,3.76,won,0.65,0-3,1.65,0.0
2026-08-16T15:00:00Z,Eliteserien,Molde,Tromso,Under 3.5 goals,1.71,64,9.45,lost,-1.0,3-2,,
2026-08-16T15:00:00Z,Eliteserien,SK Brann,HamKam,Over 2.5 goals,2.55,53,36.18,won,1.55,3-0,,
2026-08-16T15:30:00Z,Ekstraklasa,Jagiellonia Białystok,Pogoń Szczecin,Under 3.0 goals,1.76,52,13.0,pending,,,,
2026-08-16T15:30:00Z,Ekstraklasa,Cracovia Kraków,Raków Częstochowa,Raków Częstochowa to win,2.72,38,3.15,lost,-1.0,2-1,2.78,-2.16
2026-08-16T16:00:00Z,Süper Lig,Basaksehir,Kocaelispor,Under 2.5 goals,1.98,54,7.23,won,0.98,2-0,1.97,0.51
2026-08-16T16:00:00Z,Danish Superliga,Randers FC,FC Copenhagen,Under 3.5 goals,2.05,53,8.34,lost,-1.0,0-4,,
2026-08-16T16:30:00Z,Belgian Pro League,KV Mechelen,Standard Liege,Standard Liege to win,3.0,36,7.11,lost,-1.0,3-3,2.7,11.11
2026-08-16T16:30:00Z,Belgian Pro League,KV Mechelen,Standard Liege,Under 3.0 goals,1.91,52,20.64,lost,-1.0,3-3,,
2026-08-16T17:00:00Z,La Liga,Espanyol,Levante,Under 2.5 goals,1.71,58,-1.56,lost,-1.0,3-0,1.71,0.0
2026-08-16T17:00:00Z,La Liga,Espanyol,Levante,Over 2.5 goals,2.32,46,6.31,won,1.32,3-0,2.22,4.5
2026-08-16T17:00:00Z,La Liga 2,Burgos CF,Córdoba,Burgos CF to win,2.35,45,6.64,won,1.35,3-2,2.4,-2.08
2026-08-16T17:00:00Z,Primeira Liga,Arouca,Moreirense FC,Over 2.5 goals,2.16,48,3.24,won,1.16,4-0,2.16,0.0
2026-08-16T17:00:00Z,Austrian Bundesliga,Rapid Wien,Grazer AK,Under 2.5 goals,2.06,50,3.9,lost,-1.0,8-0,2.18,-5.5
2026-08-16T17:15:00Z,Eliteserien,Fredrikstad FK,Kristiansund BK,Under 2.5 goals,2.08,50,3.46,won,1.08,1-0,2.26,-7.96
2026-08-16T18:00:00Z,Liga Profesional,Sarmiento de Junin,Atlético Huracán,Atlético Huracán to win,2.9,36,3.18,lost,-1.0,2-0,2.8,3.57
2026-08-16T18:00:00Z,Liga MX,Pumas,Querétaro,Pumas to win,1.91,54,3.44,lost,-1.0,0-0,1.93,-1.04
2026-08-16T18:15:00Z,Ekstraklasa,Wisła Płock,Lech Poznań,Under 3.0 goals,1.88,53,20.4,pending,,,,
2026-08-16T18:15:00Z,Ekstraklasa,Wisła Płock,Lech Poznań,Under 2.5 goals,2.2,47,3.82,pending,,,,
2026-08-16T18:30:00Z,Süper Lig,Besiktas JK,Eyüpspor,Under 3.5 goals,1.66,63,4.08,won,0.66,1-0,1.65,0.61
2026-08-16T19:00:00Z,La Liga,Real Madrid,Real Sociedad,Under 3.5 goals,1.57,59,-7.53,void,0.0,,1.57,0.0
2026-08-16T19:00:00Z,La Liga,Valencia,Real Betis,Under 2.5 goals,1.78,53,-6.27,void,0.0,,1.78,0.0
2026-08-16T19:00:00Z,La Liga,Barcelona,Athletic Bilbao,Over 3.5 goals,2.2,42,-7.03,void,0.0,,2.2,0.0
2026-08-16T19:00:00Z,La Liga,Alavés,Getafe,Under 1.5 goals,2.35,40,-6.97,void,0.0,,2.35,0.0
2026-08-16T19:00:00Z,La Liga,Atlético Madrid,Málaga,Málaga to win,11.5,11,29.52,void,0.0,,11.5,0.0
2026-08-16T19:00:00Z,La Liga,Atlético Madrid,Málaga,Over 2.5 goals,1.78,56,-0.62,void,0.0,,1.78,0.0
2026-08-16T19:00:00Z,Brasileirão,Vasco da Gama,Santos,Over 2.5 goals,2.03,52,5.21,won,1.03,0-3,2.1,-3.33
2026-08-16T19:30:00Z,La Liga,Celta Vigo,CA Osasuna,Under 2.5 goals,1.77,56,-1.52,void,0.0,,1.79,-1.12
2026-08-16T19:30:00Z,La Liga,Celta Vigo,CA Osasuna,Celta Vigo to win,2.12,50,5.76,void,0.0,,2.12,0.0
2026-08-16T19:30:00Z,Primeira Liga,Braga,Gil Vicente,Over 2.0 goals,1.54,59,13.74,pending,,,,
2026-08-16T19:30:00Z,Primeira Liga,Braga,Gil Vicente,Over 2.5 goals,2.08,50,3.91,pending,,,,
2026-08-16T21:30:00Z,Brasileirão,Vitoria,Botafogo,Botafogo to win,2.97,35,4.39,lost,-1.0,1-0,3.15,-5.71
2026-08-16T22:00:00Z,MLS,Chicago Fire,Portland Timbers,Over 3.5 goals,1.95,50,-2.75,lost,-1.0,2-1,1.93,1.04
2026-08-16T22:00:00Z,MLS,New York City FC,Philadelphia Union,Over 3.0 goals,2.01,47,-5.6,won,1.01,2-3,2.1,-4.29
2026-08-16T22:00:00Z,MLS,Chicago Fire,Portland Timbers,Over 2.5 goals,1.36,69,-6.42,won,0.36,2-1,1.36,0.0
2026-08-16T22:00:00Z,MLS,New York City FC,Philadelphia Union,Over 2.5 goals,1.7,57,-3.16,won,0.7,2-3,1.7,0.0
2026-08-16T22:00:00Z,MLS,New York City FC,Philadelphia Union,Under 3.0 goals,1.71,51,9.86,lost,-1.0,2-3,1.85,-7.57
2026-08-16T22:30:00Z,Brasileirão,Corinthians,Cruzeiro,Over 2.0 goals,1.68,48,7.73,won,0.68,1-2,1.98,-15.15
2026-08-16T23:00:00Z,Liga MX,América,Atlético San Luis,Under 3.0 goals,1.74,50,9.28,void,0.0,3-0,1.74,0.0
2026-08-16T23:15:00Z,Liga Profesional,Barracas Central,Rosario Central,Rosario Central to win,2.9,36,3.56,won,1.9,0-1,2.9,0.0
2026-08-17T00:30:00Z,MLS,Austin FC,FC Dallas,Over 2.5 goals,1.62,60,-2.96,won,0.62,1-2,1.72,-5.81
2026-08-17T00:30:00Z,MLS,Austin FC,FC Dallas,Under 2.5 goals,2.38,41,-2.91,lost,-1.0,1-2,2.28,4.39
2026-08-17T01:10:00Z,Liga MX,Santos Laguna,Guadalajara,Under 3.5 goals,1.62,64,3.57,won,0.62,0-1,1.62,0.0
2026-08-17T02:30:00Z,MLS,Seattle Sounders FC,Vancouver Whitecaps FC,Over 3.0 goals,1.9,50,-5.76,lost,-1.0,0-2,2.01,-5.47
2026-08-17T02:30:00Z,MLS,Seattle Sounders FC,Vancouver Whitecaps FC,Under 2.5 goals,2.36,41,-2.89,won,1.36,0-2,2.36,0.0
2026-08-17T02:30:00Z,MLS,Seattle Sounders FC,Vancouver Whitecaps FC,Under 3.0 goals,1.83,50,14.26,won,0.83,0-2,1.92,-4.69
2026-08-17T17:00:00Z,Allsvenskan,BK Hacken,Halmstads BK,Under 3.5 goals,1.81,58,4.7,pending,,,,
2026-08-17T17:45:00Z,Liga Profesional,Estudiantes de Río Cuarto,Atlético Tucuman,Atlético Tucuman to win,3.2,37,18.12,pending,,,,
2026-08-17T19:00:00Z,La Liga,Deportivo La Coruña,Elche CF,Over 2.5 goals,2.36,42,-1.52,pending,,,,
2026-08-17T23:00:00Z,Brasileirão,Internacional,Remo,Under 2.5 goals,2.08,50,3.0,pending,,,,
2026-08-18T01:00:00Z,Liga MX,Necaxa,León,Necaxa to win,2.24,48,7.21,pending,,,,
2026-08-18T03:00:00Z,Liga MX,Pachuca,Puebla,Under 3.0 goals,1.68,54,12.5,pending,,,,
2026-08-19T19:00:00Z,La Liga,Atlético Madrid,Málaga,Málaga to win,12.0,10,17.05,pending,,,,
2026-08-19T19:00:00Z,La Liga,Atlético Madrid,Málaga,Over 2.5 goals,1.84,54,-1.49,pending,,,,
2026-08-19T19:00:00Z,La Liga,Atlético Madrid,Málaga,Draw (X),5.75,18,4.42,pending,,,,
2026-08-19T19:00:00Z,La Liga,Atlético Madrid,Málaga,Under 2.5 goals,2.14,46,-1.36,pending,,,,
2026-08-19T23:30:00Z,MLS,D.C. United,New England Revolution,Under 3.0 goals,1.68,52,9.27,pending,,,,
2026-08-19T23:30:00Z,MLS,Columbus Crew SC,CF Montreal,Over 3.0 goals,1.8,47,6.07,pending,,,,
2026-08-19T23:30:00Z,MLS,Toronto FC,Charlotte FC,Under 2.5 goals,2.26,47,5.21,pending,,,,
2026-08-19T23:30:00Z,MLS,New York Red Bulls,Nashville SC,Over 3.0 goals,1.76,46,4.1,pending,,,,
2026-08-19T23:30:00Z,MLS,Orlando City SC,Chicago Fire,Orlando City SC to win,2.9,37,5.9,pending,,,,
2026-08-19T23:30:00Z,MLS,Philadelphia Union,Inter Miami CF,Inter Miami CF to win,2.9,38,10.34,pending,,,,
2026-08-19T23:30:00Z,MLS,New York Red Bulls,Nashville SC,Under 3.0 goals,1.98,46,13.41,pending,,,,
2026-08-19T23:30:00Z,MLS,Columbus Crew SC,CF Montreal,Under 3.0 goals,1.98,45,11.7,pending,,,,
2026-08-19T23:30:00Z,MLS,Philadelphia Union,Inter Miami CF,Over 3.5 goals,2.15,48,3.64,pending,,,,
2026-08-20T00:00:00Z,MLS,Sporting Kansas City,St. Louis City SC,Over 3.0 goals,1.76,47,5.01,pending,,,,
2026-08-20T00:30:00Z,MLS,Minnesota United FC,Atlanta United FC,Under 3.0 goals,1.71,53,12.2,pending,,,,
2026-08-20T01:30:00Z,MLS,Seattle Sounders FC,Austin FC,Under 3.0 goals,1.78,51,13.12,pending,,,,
2026-08-20T01:30:00Z,MLS,Colorado Rapids,Los Angeles FC,Under 3.0 goals,1.76,51,12.69,pending,,,,
2026-08-20T01:30:00Z,MLS,Real Salt Lake,FC Dallas,Under 3.0 goals,2.06,45,15.23,pending,,,,
2026-08-20T02:30:00Z,MLS,Portland Timbers,San Diego FC,Under 3.5 goals,1.96,53,4.83,pending,,,,
2026-08-20T02:30:00Z,MLS,Vancouver Whitecaps FC,Houston Dynamo,Over 3.0 goals,1.74,46,3.05,pending,,,,
2026-08-20T02:30:00Z,MLS,LA Galaxy,San Jose Earthquakes,San Jose Earthquakes to win,3.0,35,5.33,pending,,,,
2026-08-20T02:30:00Z,MLS,Vancouver Whitecaps FC,Houston Dynamo,Under 3.0 goals,2.06,45,15.31,pending,,,,
2026-08-20T19:00:00Z,La Liga,Rayo Vallecano,Alavés,Over 1.5 goals,1.6,65,3.87,pending,,,,
2026-08-21T17:30:00Z,Liga Profesional,Aldosivi Mar del Plata,Union Santa Fe,Union Santa Fe to win,2.75,38,5.22,pending,,,,
2026-08-21T18:45:00Z,Ligue 1,Marseille,Strasbourg,Strasbourg to win,5.0,21,3.22,pending,,,,
2026-08-21T18:45:00Z,Ligue 1,Marseille,Strasbourg,Over 3.0 goals,1.85,49,12.68,pending,,,,
2026-08-21T19:00:00Z,Premier League,Arsenal,Coventry City,Coventry City to win,21.0,6,32.13,pending,,,,
2026-08-21T19:00:00Z,Premier League,Arsenal,Coventry City,Over 3.0 goals,1.93,50,-3.5,pending,,,,
2026-08-21T19:00:00Z,La Liga,Real Betis,Real Sociedad,Over 2.5 goals,2.25,52,17.4,pending,,,,
2026-08-21T23:00:00Z,Liga Profesional,Estudiantes de Río Cuarto,San Lorenzo,Under 1.5 goals,2.23,49,9.77,pending,,,,
2026-08-22T10:00:00Z,J1 League,Cerezo Osaka,Shimizu S Pulse,Cerezo Osaka to win,2.3,46,4.74,pending,,,,
2026-08-22T10:00:00Z,J1 League,Nagoya Grampus,Gamba Osaka,Gamba Osaka to win,2.96,35,4.42,pending,,,,
2026-08-22T11:30:00Z,Premier League,Hull City,Manchester United,Hull City to win,8.0,14,13.21,pending,,,,
2026-08-22T11:30:00Z,Premier League,Hull City,Manchester United,Over 2.75 goals,1.93,49,-5.02,pending,,,,
2026-08-22T11:30:00Z,Championship,Birmingham City,Bristol City,Under 2.5 goals,2.01,51,3.26,pending,,,,
2026-08-22T13:00:00Z,Serie A,Bologna,Lazio,Under 2.5 goals,1.66,56,-7.29,void,0.0,,1.66,0.0
2026-08-22T13:00:00Z,Serie A,Frosinone,Juventus,Over 2.5 goals,1.78,52,-7.17,void,0.0,,1.78,0.0
2026-08-22T13:00:00Z,Serie A,Torino,AC Milan,Over 2.5 goals,1.85,50,-7.5,void,0.0,,1.85,0.0
2026-08-22T13:00:00Z,Serie A,AS Roma,Fiorentina,Under 2.5 goals,1.88,49,-7.27,void,0.0,,1.88,0.0
2026-08-22T13:00:00Z,Serie A,Atalanta BC,Sassuolo,Under 2.5 goals,2.12,44,-7.21,void,0.0,,2.12,0.0
2026-08-22T13:00:00Z,Serie A,Venezia,Lecce,Over 2.5 goals,2.16,43,-7.1,void,0.0,,2.16,0.0
2026-08-22T13:00:00Z,Allsvenskan,Örgryte IS,Halmstads BK,Örgryte IS to win,2.3,45,3.76,pending,,,,
2026-08-22T14:00:00Z,Premier League,Nottingham Forest,Leeds United,Under 2.5 goals,1.95,51,-1.51,pending,,,,
2026-08-22T14:00:00Z,Premier League,Ipswich Town,Sunderland,Over 2.5 goals,1.97,50,-1.5,pending,,,,
2026-08-22T14:00:00Z,Premier League,Everton,Crystal Palace,Under 2.5 goals,2.02,49,-0.27,pending,,,,
2026-08-22T14:00:00Z,Premier League,Ipswich Town,Sunderland,Under 2.5 goals,1.97,50,-1.0,pending,,,,
2026-08-22T14:00:00Z,Premier League,Everton,Crystal Palace,Over 2.5 goals,1.98,50,-0.01,pending,,,,
2026-08-22T14:00:00Z,Premier League,Nottingham Forest,Leeds United,Over 2.5 goals,2.0,49,-1.52,pending,,,,
2026-08-22T14:00:00Z,Premier League,Nottingham Forest,Leeds United,Nottingham Forest to win,2.32,45,3.71,pending,,,,
2026-08-22T14:00:00Z,Premier League,Everton,Crystal Palace,Everton to win,2.26,46,3.51,pending,,,,
2026-08-22T14:00:00Z,Scottish Premiership,Motherwell,Aberdeen,Motherwell to win,2.38,49,17.79,pending,,,,
2026-08-22T14:00:00Z,Scottish Premiership,Falkirk F.C.,Hearts,Hearts to win,2.35,46,8.24,pending,,,,
2026-08-22T14:00:00Z,Scottish Premiership,Hibernian,Kilmarnock,Over 2.5 goals,1.76,59,3.16,pending,,,,
2026-08-22T14:00:00Z,Championship,Southampton,Stoke City,Under 3.0 goals,1.76,51,11.94,pending,,,,
2026-08-22T14:00:00Z,League One,Wycombe Wanderers,Plymouth Argyle,Over 2.75 goals,1.99,53,5.04,pending,,,,
2026-08-22T14:00:00Z,Championship,Derby County,Cardiff City,Derby County to win,2.06,52,7.81,pending,,,,
2026-08-22T14:00:00Z,League One,Peterborough United,Mansfield Town,Under 3.0 goals,1.81,52,15.45,pending,,,,
2026-08-22T14:00:00Z,League One,Wimbledon,Reading,Reading to win,2.78,38,4.26,pending,,,,
2026-08-22T15:00:00Z,La Liga,Athletic Bilbao,Sevilla,Over 2.5 goals,2.25,47,5.58,pending,,,,
2026-08-22T15:15:00Z,Ligue 1,RC Lens,Auxerre,Auxerre to win,5.5,19,2.85,pending,,,,
2026-08-22T15:15:00Z,Ligue 1,RC Lens,Auxerre,Over 2.5 goals,1.69,58,-1.52,pending,,,,
2026-08-22T15:15:00Z,Ligue 1,RC Lens,Auxerre,Under 2.5 goals,2.34,45,5.31,pending,,,,
2026-08-22T16:30:00Z,Premier League,Brentford,Tottenham Hotspur,Under 3.0 goals,1.81,54,-3.0,pending,,,,
2026-08-22T16:30:00Z,Serie A,Udinese,Como,Over 2.5 goals,2.25,44,-1.56,pending,,,,
2026-08-22T16:30:00Z,Serie A,Inter Milan,Monza,Monza to win,17.0,8,32.71,pending,,,,
2026-08-22T16:30:00Z,Serie A,Inter Milan,Monza,Under 2.5 goals,2.33,42,-1.38,pending,,,,
2026-08-22T16:30:00Z,Premier League,Brentford,Tottenham Hotspur,Under 2.75 goals,2.03,47,-4.04,pending,,,,
2026-08-22T16:30:00Z,Premier League,Brentford,Tottenham Hotspur,Brentford to win,2.45,45,10.79,pending,,,,
2026-08-22T16:45:00Z,Eredivisie,Sparta Rotterdam,FC Utrecht,FC Utrecht to win,2.69,39,4.56,pending,,,,
2026-08-22T17:00:00Z,Primeira Liga,Estoril,Rio Ave FC,Estoril to win,2.02,51,4.0,pending,,,,
2026-08-22T17:30:00Z,La Liga,Valencia,Celta Vigo,Over 2.5 goals,2.3,46,6.93,pending,,,,
2026-08-22T18:15:00Z,Ekstraklasa,Śląsk Wrocław,Widzew Łódź,Śląsk Wrocław to win,3.0,35,5.32,pending,,,,
2026-08-22T18:45:00Z,Ligue 1,Le Mans FC,Brest,Over 2.5 goals,1.84,54,-1.49,pending,,,,
2026-08-22T18:45:00Z,Ligue 1,Toulouse,Lyon,Under 2.5 goals,2.19,45,-1.51,pending,,,,
2026-08-22T18:45:00Z,Serie A,Genoa,Napoli,Over 2.5 goals,2.35,42,-1.36,pending,,,,
2026-08-22T18:45:00Z,Serie A,Parma,Cagliari,Over 2.5 goals,2.43,41,-1.37,pending,,,,
2026-08-22T18:45:00Z,Ligue 1,Nice,Lorient,Lorient to win,3.45,30,2.86,pending,,,,
2026-08-22T18:45:00Z,Ligue 1,Troyes,Paris FC,Draw (X),3.78,27,3.45,pending,,,,
2026-08-22T18:45:00Z,Ligue 1,Nice,Lorient,Over 2.5 goals,1.84,54,-1.49,pending,,,,
2026-08-22T18:45:00Z,Serie A,Parma,Cagliari,Under 2.5 goals,1.66,62,3.59,pending,,,,
2026-08-22T19:00:00Z,Greek Super League,Olympiakos Piraeus,Atromitos Athens,Under 2.5 goals,2.21,50,10.83,pending,,,,
2026-08-22T19:30:00Z,La Liga,Espanyol,Real Madrid,Under 2.5 goals,2.25,46,3.38,pending,,,,
2026-08-22T23:00:00Z,Liga MX,Querétaro,Toluca,Under 2.5 goals,2.25,46,3.85,pending,,,,
2026-08-22T23:07:00Z,Liga MX,Guadalajara,Tijuana,Under 2.5 goals,2.38,45,8.15,pending,,,,
2026-08-22T23:30:00Z,Brasileirão,Cruzeiro,Flamengo,Flamengo to win,2.51,41,3.38,pending,,,,
2026-08-22T23:30:00Z,MLS,Orlando City SC,Real Salt Lake,Orlando City SC to win,2.44,42,3.16,pending,,,,
2026-08-22T23:30:00Z,MLS,Charlotte FC,D.C. United,Charlotte FC to win,1.99,53,5.16,pending,,,,
2026-08-22T23:30:00Z,MLS,CF Montreal,LA Galaxy,CF Montreal to win,2.55,41,3.57,pending,,,,
2026-08-22T23:30:00Z,MLS,Orlando City SC,Real Salt Lake,Under 3.5 goals,1.93,53,3.12,pending,,,,
2026-08-23T00:00:00Z,Liga Profesional,Atlético Huracán,Deportivo Riestra,Under 1.5 goals,2.44,47,14.3,pending,,,,
2026-08-23T00:30:00Z,MLS,St. Louis City SC,Houston Dynamo,Under 2.5 goals,2.3,45,3.95,pending,,,,
2026-08-23T01:00:00Z,Liga MX,Puebla,Santos Laguna,Puebla to win,2.68,39,5.02,pending,,,,
2026-08-23T02:30:00Z,MLS,San Diego FC,Colorado Rapids,San Diego FC to win,2.03,51,3.62,pending,,,,
2026-08-23T02:30:00Z,MLS,Los Angeles FC,Portland Timbers,Under 3.5 goals,1.89,55,3.57,pending,,,,
2026-08-23T12:00:00Z,Allsvenskan,IFK Goteborg,IF Elfsborg,IFK Goteborg to win,2.9,38,10.19,pending,,,,
2026-08-23T12:00:00Z,Allsvenskan,Västerås SK,Kalmar FF,Västerås SK to win,2.75,38,4.35,pending,,,,
2026-08-23T12:45:00Z,Ekstraklasa,Radomiak Radom,Zagłębie Lubin,Radomiak Radom to win,2.57,40,3.46,pending,,,,
2026-08-23T13:00:00Z,Premier League,Brighton and Hove Albion,Aston Villa,Over 3.0 goals,2.0,48,-3.36,pending,,,,
2026-08-23T13:00:00Z,Ligue 1,Angers,Lille,Angers to win,5.4,19,3.01,pending,,,,
2026-08-23T13:00:00Z,Premier League,Manchester City,Bournemouth,Bournemouth to win,6.8,15,4.72,pending,,,,
2026-08-23T13:00:00Z,Premier League,Manchester City,Bournemouth,Draw (X),5.5,19,3.33,pending,,,,
2026-08-23T13:00:00Z,Premier League,Manchester City,Bournemouth,Under 3.25 goals,1.97,48,-5.13,pending,,,,
2026-08-23T13:00:00Z,Premier League,Manchester City,Bournemouth,Over 3.25 goals,1.85,52,-4.13,pending,,,,
2026-08-23T13:00:00Z,Premier League,Brighton and Hove Albion,Aston Villa,Under 3.0 goals,1.86,52,-3.63,pending,,,,
2026-08-23T13:00:00Z,Ligue 1,Angers,Lille,Under 2.5 goals,1.9,56,6.88,pending,,,,
2026-08-23T13:00:00Z,Premier League,Manchester City,Bournemouth,Under 3.5 goals,1.84,58,6.69,pending,,,,
2026-08-23T13:00:00Z,Premier League,Brighton and Hove Albion,Aston Villa,Brighton and Hove Albion to win,2.44,43,3.98,pending,,,,
2026-08-23T14:30:00Z,Allsvenskan,Hammarby IF,GAIS,Under 2.5 goals,2.38,47,12.06,pending,,,,
2026-08-23T14:30:00Z,Allsvenskan,Hammarby IF,GAIS,Under 3.5 goals,1.57,66,4.0,pending,,,,
2026-08-23T14:30:00Z,Allsvenskan,IF Brommapojkarna,Degerfors IF,IF Brommapojkarna to win,2.23,48,7.33,pending,,,,
2026-08-23T15:00:00Z,La Liga,Atlético Madrid,Villarreal,Over 2.5 goals,2.22,50,10.94,pending,,,,
2026-08-23T15:00:00Z,La Liga 2,SD Eibar,Real Valladolid CF,SD Eibar to win,2.33,46,7.18,pending,,,,
2026-08-23T15:15:00Z,Ligue 1,Le Havre,AS Monaco,Le Havre to win,3.64,30,8.93,pending,,,,
2026-08-23T15:30:00Z,Premier League,Newcastle United,Liverpool,Over 3.25 goals,1.99,48,-4.94,pending,,,,
2026-08-23T15:30:00Z,Premier League,Newcastle United,Liverpool,Under 3.25 goals,1.83,52,-4.21,pending,,,,
2026-08-23T16:00:00Z,Danish Superliga,Viborg FF,FC Copenhagen,FC Copenhagen to win,2.45,42,4.07,pending,,,,
2026-08-23T16:00:00Z,Süper Lig,Eyüpspor,Gazişehir Gaziantep,Eyüpspor to win,3.02,39,16.34,pending,,,,
2026-08-23T16:30:00Z,Serie A,Venezia,Lecce,Under 2.25 goals,1.88,51,-3.8,pending,,,,
2026-08-23T16:30:00Z,Serie A,Frosinone,Juventus,Frosinone to win,7.8,14,12.31,pending,,,,
2026-08-23T16:30:00Z,Serie A,Frosinone,Juventus,Over 2.5 goals,1.89,52,-1.43,pending,,,,
2026-08-23T16:30:00Z,Greek Super League,OFI Crete,Volos FC,Over 2.5 goals,2.03,53,7.05,pending,,,,
2026-08-23T16:30:00Z,Belgian Pro League,Club Brugge,Cercle Brugge KSV,Over 3.75 goals,2.04,51,3.62,pending,,,,
2026-08-23T17:00:00Z,Primeira Liga,Santa Clara,Famalicão,Under 2.0 goals,2.01,45,18.2,pending,,,,
2026-08-23T17:00:00Z,La Liga 2,Sporting Gijón,Burgos CF,Under 2.5 goals,1.67,62,3.28,pending,,,,
2026-08-23T17:45:00Z,Liga Profesional,Barracas Central,Platense,Barracas Central to win,2.66,43,13.08,pending,,,,
2026-08-23T18:30:00Z,Greek Super League,Panetolikos Agrinio,Asteras Tripolis,Panetolikos Agrinio to win,2.85,36,3.48,pending,,,,
2026-08-23T18:30:00Z,Süper Lig,Goztepe,Genclerbirligi SK,Under 2.5 goals,2.11,52,9.47,pending,,,,
2026-08-23T18:45:00Z,Serie A,Torino,AC Milan,Over 2.5 goals,1.97,50,-1.5,pending,,,,
2026-08-23T18:45:00Z,Ligue 1,Paris Saint Germain,Rennes,Draw (X),5.69,19,5.89,pending,,,,
2026-08-23T18:45:00Z,Serie A,Atalanta BC,Sassuolo,Sassuolo to win,6.2,17,2.65,pending,,,,
2026-08-23T18:45:00Z,Serie A,Atalanta BC,Sassuolo,Over 2.75 goals,1.89,51,-4.02,pending,,,,
2026-08-23T18:45:00Z,Serie A,Atalanta BC,Sassuolo,Under 2.5 goals,2.25,49,9.8,pending,,,,
2026-08-23T19:00:00Z,Brasileirão,Vitoria,Bahia,Under 2.5 goals,1.83,57,3.8,pending,,,,
2026-08-23T19:00:00Z,Brasileirão,Palmeiras,Vasco da Gama,Over 2.5 goals,1.98,53,4.89,pending,,,,
2026-08-23T19:00:00Z,Brasileirão,Palmeiras,Vasco da Gama,Palmeiras to win,1.57,66,3.02,pending,,,,
2026-08-23T19:30:00Z,La Liga,Elche CF,Barcelona,Over 3.0 goals,1.7,48,3.47,pending,,,,
2026-08-23T19:30:00Z,La Liga,Elche CF,Barcelona,Under 3.5 goals,1.75,59,3.88,pending,,,,
2026-08-23T19:30:00Z,Primeira Liga,FC Porto,Arouca,Under 3.0 goals,1.85,47,10.15,pending,,,,
2026-08-23T21:30:00Z,Brasileirão,Chapecoense,Sao Paulo,Over 2.5 goals,2.12,49,3.08,pending,,,,
2026-08-23T21:30:00Z,Brasileirão,Santos,Mirassol,Over 2.5 goals,2.04,51,4.51,pending,,,,
2026-08-23T22:30:00Z,Brasileirão,Coritiba,Corinthians,Coritiba to win,2.94,36,6.27,pending,,,,
2026-08-24T16:30:00Z,Serie A,Bologna,Lazio,Over 2.25 goals,1.93,50,-4.26,pending,,,,
2026-08-24T16:30:00Z,Serie A,Bologna,Lazio,Under 2.25 goals,1.93,54,3.57,pending,,,,
2026-08-24T17:00:00Z,Allsvenskan,Malmo FF,Djurgardens IF,Djurgardens IF to win,2.66,40,5.13,pending,,,,
2026-08-24T18:45:00Z,Serie A,AS Roma,Fiorentina,Over 2.5 goals,1.95,51,-1.27,pending,,,,
2026-08-24T18:45:00Z,Serie A,AS Roma,Fiorentina,Under 2.5 goals,2.0,52,3.61,pending,,,,
2026-08-24T19:00:00Z,Premier League,Fulham,Chelsea,Over 3.0 goals,2.03,48,-3.21,pending,,,,
2026-08-24T19:00:00Z,Premier League,Fulham,Chelsea,Under 3.0 goals,1.85,52,17.28,pending,,,,
2026-08-24T19:00:00Z,Premier League,Fulham,Chelsea,Under 2.5 goals,2.38,45,7.23,pending,,,,
2026-08-24T19:15:00Z,Primeira Liga,Gil Vicente,Casa Pia,Over 2.0 goals,1.68,51,12.26,pending,,,,
2026-08-25T19:00:00Z,La Liga,Valencia,Real Betis,Over 2.5 goals,2.07,48,-1.48,pending,,,,
2026-08-25T19:00:00Z,La Liga,Valencia,Real Betis,Valencia to win,2.79,37,4.43,pending,,,,
2026-08-26T19:00:00Z,La Liga,Real Madrid,Real Sociedad,Real Sociedad to win,7.5,14,5.4,pending,,,,
2026-08-26T19:00:00Z,La Liga,Real Madrid,Real Sociedad,Under 3.5 goals,1.67,59,-1.36,pending,,,,
2026-08-27T19:00:00Z,La Liga,Barcelona,Athletic Bilbao,Over 3.5 goals,2.36,42,-1.52,pending,,,,
2026-08-27T19:00:00Z,La Liga,Barcelona,Athletic Bilbao,Under 3.5 goals,1.67,59,-1.52,pending,,,,
2026-08-27T19:00:00Z,La Liga,Barcelona,Athletic Bilbao,Barcelona to win,1.46,72,5.34,pending,,,,
2026-08-28T18:30:00Z,Bundesliga,Bayern Munich,VfB Stuttgart,VfB Stuttgart to win,9.5,12,13.91,pending,,,,
2026-08-28T18:30:00Z,Bundesliga,Bayern Munich,VfB Stuttgart,Over 3.5 goals,1.7,58,-1.71,pending,,,,
2026-08-29T13:30:00Z,Bundesliga,RB Leipzig,Borussia Monchengladbach,Under 3.5 goals,1.76,56,-1.63,pending,,,,
2026-08-29T13:30:00Z,Bundesliga,FSV Mainz 05,SC Paderborn,Over 2.5 goals,1.75,56,-1.56,pending,,,,
2026-08-29T13:30:00Z,Bundesliga,Union Berlin,Eintracht Frankfurt,Over 2.5 goals,1.78,55,-1.41,pending,,,,
2026-08-29T13:30:00Z,Bundesliga,SC Freiburg,Werder Bremen,Over 2.5 goals,1.68,55,-7.06,void,0.0,,1.68,0.0
2026-08-29T13:30:00Z,Bundesliga,Augsburg,FC Schalke 04,Over 3.5 goals,2.35,40,-6.97,void,0.0,,2.35,0.0
2026-08-29T13:30:00Z,Bundesliga,1. FC Köln,TSG Hoffenheim,Draw (X),4.0,26,3.4,pending,,,,
2026-08-29T13:30:00Z,Bundesliga,Elversberg,Bayer Leverkusen,Elversberg to win,5.75,19,8.19,pending,,,,
2026-08-29T13:30:00Z,Bundesliga,SC Freiburg,Werder Bremen,SC Freiburg to win,2.08,50,3.66,void,0.0,,2.08,0.0
2026-08-29T13:30:00Z,Bundesliga,1. FC Köln,TSG Hoffenheim,TSG Hoffenheim to win,2.45,43,4.58,pending,,,,
2026-08-29T16:30:00Z,Bundesliga,Borussia Dortmund,Hamburger SV,Hamburger SV to win,9.5,12,12.75,pending,,,,
2026-08-29T16:30:00Z,Bundesliga,Borussia Dortmund,Hamburger SV,Under 3.5 goals,1.67,59,-1.52,pending,,,,
2026-08-29T17:45:00Z,Liga Profesional,Deportivo Riestra,Velez Sarsfield BA,Under 1.5 goals,2.31,47,8.65,pending,,,,
2026-08-30T11:30:00Z,2. Bundesliga,1. FC Magdeburg,Holstein Kiel,Over 3.0 goals,1.8,48,8.2,pending,,,,
2026-08-30T11:30:00Z,2. Bundesliga,SV Darmstadt 98,Hannover 96,Over 3.0 goals,1.82,47,7.79,pending,,,,
2026-08-30T13:30:00Z,Bundesliga,SC Freiburg,Werder Bremen,Over 2.75 goals,1.93,49,-5.02,pending,,,,
2026-08-30T13:30:00Z,Bundesliga,SC Freiburg,Werder Bremen,SC Freiburg to win,2.11,49,3.78,pending,,,,
2026-08-30T15:30:00Z,Bundesliga,Augsburg,FC Schalke 04,Over 3.0 goals,1.94,49,-4.78,pending,,,,
2026-08-31T22:00:00Z,Liga Profesional,Defensa y Justicia,Platense,Defensa y Justicia to win,2.74,40,9.56,pending,,,,
